Unnamed: 0,DATETIMEDATA,PM25,O3,WS,TEMP,RH,WD
0,2024-01-01 00:00:00,16.5,16.0,1,27,79,115
1,2024-01-01 01:00:00,33.6,0.0,1,27,82,97
2,2024-01-01 02:00:00,34.2,0.0,1,26,84,96
3,2024-01-01 03:00:00,20.1,0.0,1,26,82,108
4,2024-01-01 04:00:00,16.5,1.0,1,27,79,106
5,2024-01-01 05:00:00,15.4,1.0,1,26,82,108
6,2024-01-01 06:00:00,15.7,7.0,1,26,82,109
7,2024-01-01 07:00:00,18.1,1.0,1,27,79,114
8,2024-01-01 08:00:00,19.5,0.0,1,28,72,110
9,2024-01-01 09:00:00,17.5,1.0,1,29,68,120
10,2024-01-01 10:00:00,16.4,11.03,1,30,65,151
11,2024-01-01 11:00:00,15.8,9.0,1,31,60,177
12,2024-01-01 12:00:00,16.7,14.0,1,32,57,174
13,2024-01-01 13:00:00,14.8,25.0,1,32,53,157
14,2024-01-01 14:00:00,13.4,0.0,1,32,50,144
15,2024-01-01 15:00:00,10.4,21.0,1,32,52,151
16,2024-01-01 16:00:00,11.4,21.0,1,31,56,146
17,2024-01-01 17:00:00,12.7,0.0,2,30,62,128
18,2024-01-01 18:00:00,13.9,19.0,1,29,71,148
19,2024-01-01 19:00:00,14.5,10.0,1,28,75,149
20,2024-01-01 20:00:00,13.1,0.0,1,28,76,121
21,2024-01-01 21:00:00,15.2,0.0,1,28,76,116
22,2024-01-01 22:00:00,16.9,2.0,1,28,78,116
23,2024-01-01 23:00:00,15.2,2.0,1,28,79,117
24,2024-01-02 00:00:00,12.4,0.0,2,27,79,120
25,2024-01-02 01:00:00,11.8,7.0,1,27,80,114
26,2024-01-02 02:00:00,12.5,0.0,0,26,85,106
27,2024-01-02 03:00:00,13.5,1.0,0,26,89,105
28,2024-01-02 04:00:00,14.9,1.0,1,25,91,107
29,2024-01-02 05:00:00,12.6,1.0,0,25,93,103
30,2024-01-02 06:00:00,15.2,0.0,0,25,92,105
31,2024-01-02 07:00:00,19.3,2.0,1,26,88,106
32,2024-01-02 08:00:00,18.7,0.0,1,29,72,118
33,2024-01-02 09:00:00,17.2,9.0,2,30,66,129
34,2024-01-02 10:00:00,11.7,22.0,1,31,59,132
35,2024-01-02 11:00:00,12.5,11.03,1,31,55,193
36,2024-01-02 12:00:00,11.3,10.0,1,32,55,146
37,2024-01-02 13:00:00,11.1,1.0,1,32,53,203
38,2024-01-02 14:00:00,12.0,7.0,1,32,54,173
39,2024-01-02 15:00:00,9.9,0.0,1,31,56,178
40,2024-01-02 16:00:00,9.3,2.0,1,31,57,171
41,2024-01-02 17:00:00,9.9,1.0,1,29,65,180
42,2024-01-02 18:00:00,10.8,15.0,1,28,71,138
43,2024-01-02 19:00:00,16.5,9.0,1,28,73,134
44,2024-01-02 20:00:00,13.1,0.0,1,28,74,126
45,2024-01-02 21:00:00,15.3,0.0,1,28,76,111
46,2024-01-02 22:00:00,14.3,2.0,1,27,77,111
47,2024-01-02 23:00:00,12.6,3.0,1,27,77,113
48,2024-01-03 00:00:00,9.9,12.0,1,27,80,109
49,2024-01-03 01:00:00,10.8,0.0,0,26,83,105
50,2024-01-03 02:00:00,14.8,0.0,0,26,84,106
51,2024-01-03 03:00:00,13.1,0.0,0,26,86,106
52,2024-01-03 04:00:00,21.1,1.0,0,25,90,108
53,2024-01-03 05:00:00,13.6,1.0,1,25,92,106
54,2024-01-03 06:00:00,14.5,1.0,1,25,91,106
55,2024-01-03 07:00:00,17.0,1.0,1,26,87,106
56,2024-01-03 08:00:00,21.3,0.0,1,29,74,116
57,2024-01-03 09:00:00,17.4,3.0,1,30,67,123
58,2024-01-03 10:00:00,18.2,26.0,1,31,59,148
59,2024-01-03 11:00:00,19.2,14.0,1,31,58,168
60,2024-01-03 12:00:00,11.4,11.03,1,32,55,193
61,2024-01-03 13:00:00,15.1,5.0,1,32,52,204
62,2024-01-03 14:00:00,14.8,19.0,1,32,53,168
63,2024-01-03 15:00:00,15.2,15.0,1,32,56,156
64,2024-01-03 16:00:00,16.6,0.0,1,31,59,153
65,2024-01-03 17:00:00,16.7,3.0,1,30,65,160
66,2024-01-03 18:00:00,15.6,2.0,1,29,71,190
67,2024-01-03 19:00:00,20.4,7.0,1,28,73,150
68,2024-01-03 20:00:00,15.4,0.0,1,28,74,170
69,2024-01-03 21:00:00,14.0,0.0,1,28,74,128
70,2024-01-03 22:00:00,13.6,2.0,1,28,75,128
71,2024-01-03 23:00:00,11.8,2.0,1,28,76,118
72,2024-01-04 00:00:00,11.1,3.0,1,27,78,107
73,2024-01-04 01:00:00,11.8,8.0,1,27,79,108
74,2024-01-04 02:00:00,12.8,0.0,1,26,83,103
75,2024-01-04 03:00:00,15.3,0.0,0,26,84,104
76,2024-01-04 04:00:00,12.9,1.0,1,26,86,105
77,2024-01-04 05:00:00,17.0,1.0,1,26,87,104
78,2024-01-04 06:00:00,15.1,0.0,1,26,85,106
79,2024-01-04 07:00:00,15.7,5.0,1,27,79,117
80,2024-01-04 08:00:00,16.4,0.0,1,29,73,118
81,2024-01-04 09:00:00,21.5,2.0,1,30,65,137
82,2024-01-04 10:00:00,20.5,14.0,1,32,58,106
83,2024-01-04 11:00:00,16.4,34.0,1,32,53,155
84,2024-01-04 12:00:00,14.5,13.0,1,33,51,116
85,2024-01-04 13:00:00,15.4,11.03,1,33,48,135
86,2024-01-04 14:00:00,13.4,34.0,1,33,50,175
87,2024-01-04 15:00:00,17.1,33.0,1,32,56,154
88,2024-01-04 16:00:00,14.6,32.0,1,32,58,142
89,2024-01-04 17:00:00,19.7,11.0,1,30,64,129
90,2024-01-04 18:00:00,19.7,16.0,1,29,68,124
91,2024-01-04 19:00:00,20.9,6.0,1,28,74,138
92,2024-01-04 20:00:00,21.1,0.0,1,28,73,153
93,2024-01-04 21:00:00,23.1,0.0,1,28,74,125
94,2024-01-04 22:00:00,27.6,10.0,1,28,74,123
95,2024-01-04 23:00:00,19.9,4.0,1,27,74,111
96,2024-01-05 00:00:00,17.5,19.0,1,27,73,123
97,2024-01-05 01:00:00,18.4,2.0,1,27,74,97
98,2024-01-05 02:00:00,17.0,0.0,1,26,77,94
99,2024-01-05 03:00:00,17.4,3.0,1,26,76,98
100,2024-01-05 04:00:00,18.9,0.0,1,26,75,99
101,2024-01-05 05:00:00,14.6,1.0,1,26,77,109
102,2024-01-05 06:00:00,13.8,1.0,1,26,75,110
103,2024-01-05 07:00:00,19.9,1.0,1,27,74,107
104,2024-01-05 08:00:00,20.1,0.0,1,28,69,90
105,2024-01-05 09:00:00,19.0,0.0,1,30,66,114
106,2024-01-05 10:00:00,18.5,2.0,1,30,63,148
107,2024-01-05 11:00:00,21.3,7.0,1,31,56,214
108,2024-01-05 12:00:00,17.6,1.0,1,31,56,232
109,2024-01-05 13:00:00,15.3,7.0,1,32,49,190
110,2024-01-05 14:00:00,12.4,11.03,1,31,53,175
111,2024-01-05 15:00:00,13.1,32.0,1,31,55,201
112,2024-01-05 16:00:00,11.6,30.0,1,30,58,177
113,2024-01-05 17:00:00,18.0,30.0,1,29,65,152
114,2024-01-05 18:00:00,19.2,8.0,1,28,70,173
115,2024-01-05 19:00:00,19.4,2.0,1,28,70,151
116,2024-01-05 20:00:00,22.4,1.0,1,28,70,123
117,2024-01-05 21:00:00,20.4,1.0,1,28,71,104
118,2024-01-05 22:00:00,21.6,9.0,1,27,72,99
119,2024-01-05 23:00:00,17.1,20.0,1,27,74,114
120,2024-01-06 00:00:00,18.6,2.0,1,27,77,111
121,2024-01-06 01:00:00,19.9,1.0,1,27,78,115
122,2024-01-06 02:00:00,20.1,0.0,1,27,78,114
123,2024-01-06 03:00:00,22.7,1.0,1,27,78,113
124,2024-01-06 04:00:00,20.6,0.0,1,26,79,108
125,2024-01-06 05:00:00,20.6,4.0,1,26,83,105
126,2024-01-06 06:00:00,20.0,3.0,1,26,82,110
127,2024-01-06 07:00:00,23.2,0.0,1,26,83,111
128,2024-01-06 08:00:00,24.0,1.0,1,29,70,123
129,2024-01-06 09:00:00,23.8,14.0,1,29,68,141
130,2024-01-06 10:00:00,28.7,12.0,1,30,59,171
131,2024-01-06 11:00:00,30.5,1.0,1,31,57,178
132,2024-01-06 12:00:00,20.2,1.0,1,31,59,194
133,2024-01-06 13:00:00,21.1,13.0,1,31,58,180
134,2024-01-06 14:00:00,18.8,1.0,1,31,58,170
135,2024-01-06 15:00:00,22.4,11.03,1,31,57,202
136,2024-01-06 16:00:00,20.7,7.0,1,31,61,168
137,2024-01-06 17:00:00,17.8,4.0,1,29,65,145
138,2024-01-06 18:00:00,16.7,4.0,1,29,70,147
139,2024-01-06 19:00:00,17.8,6.0,1,28,73,148
140,2024-01-06 20:00:00,20.7,2.0,1,28,75,121
141,2024-01-06 21:00:00,15.9,20.0,1,28,75,114
142,2024-01-06 22:00:00,13.8,26.0,1,28,76,111
143,2024-01-06 23:00:00,17.2,27.0,1,28,81,113
144,2024-01-07 00:00:00,19.2,31.0,1,27,83,113
145,2024-01-07 01:00:00,20.9,28.0,1,26,89,127
146,2024-01-07 02:00:00,19.3,17.0,1,25,93,100
147,2024-01-07 03:00:00,13.7,6.0,1,25,95,91
148,2024-01-07 04:00:00,11.8,8.0,1,25,96,92
149,2024-01-07 05:00:00,14.1,0.0,1,25,97,106
150,2024-01-07 06:00:00,13.1,3.0,1,25,96,122
151,2024-01-07 07:00:00,16.6,9.0,1,26,94,120
152,2024-01-07 08:00:00,17.2,17.0,0,26,93,123
153,2024-01-07 09:00:00,18.2,23.0,1,27,87,234
154,2024-01-07 10:00:00,16.4,11.03,1,28,78,231
155,2024-01-07 11:00:00,19.1,2.0,1,30,69,227
156,2024-01-07 12:00:00,16.8,2.0,1,30,65,218
157,2024-01-07 13:00:00,17.7,2.0,2,28,79,228
158,2024-01-07 14:00:00,21.3,9.0,1,28,78,212
159,2024-01-07 15:00:00,19.6,3.0,1,30,67,237
160,2024-01-07 16:00:00,16.7,11.03,1,29,69,230
161,2024-01-07 17:00:00,16.3,0.0,1,28,72,190
162,2024-01-07 18:00:00,15.9,1.0,1,28,74,162
163,2024-01-07 19:00:00,20.7,19.0,1,28,74,163
164,2024-01-07 20:00:00,14.0,8.0,1,28,75,176
165,2024-01-07 21:00:00,13.5,14.0,1,28,77,131
166,2024-01-07 22:00:00,15.7,0.0,1,27,79,116
167,2024-01-07 23:00:00,11.9,0.0,1,27,82,117
168,2024-01-08 00:00:00,13.9,1.0,1,27,83,113
169,2024-01-08 01:00:00,15.7,15.0,1,27,83,103
170,2024-01-08 02:00:00,10.3,22.0,1,27,84,103
171,2024-01-08 03:00:00,16.5,0.0,1,27,84,98
172,2024-01-08 04:00:00,11.2,1.0,1,27,84,106
173,2024-01-08 05:00:00,19.4,0.0,1,26,86,108
174,2024-01-08 06:00:00,14.6,1.0,1,27,85,115
175,2024-01-08 07:00:00,14.2,13.0,1,27,83,113
176,2024-01-08 08:00:00,13.1,9.0,1,27,85,110
177,2024-01-08 09:00:00,16.8,1.0,1,28,78,115
178,2024-01-08 10:00:00,14.1,0.0,1,29,75,155
179,2024-01-08 11:00:00,18.18,0.0,1,30,68,166
180,2024-01-08 12:00:00,16.5,4.0,1,30,65,211
181,2024-01-08 13:00:00,13.8,5.0,1,31,65,201
182,2024-01-08 14:00:00,16.2,2.0,1,31,62,214
183,2024-01-08 15:00:00,16.9,0.0,1,31,63,182
184,2024-01-08 16:00:00,14.6,0.0,1,30,67,190
185,2024-01-08 17:00:00,15.5,11.03,1,29,72,178
186,2024-01-08 18:00:00,16.7,6.0,1,28,79,188
187,2024-01-08 19:00:00,14.5,5.0,1,28,78,173
188,2024-01-08 20:00:00,15.2,1.0,1,28,78,170
189,2024-01-08 21:00:00,13.3,1.0,1,28,78,181
190,2024-01-08 22:00:00,15.9,0.0,1,27,79,133
191,2024-01-08 23:00:00,11.2,0.0,1,27,80,120
192,2024-01-09 00:00:00,13.2,2.0,1,27,81,115
193,2024-01-09 01:00:00,13.5,14.0,1,27,81,106
194,2024-01-09 02:00:00,14.9,11.0,1,27,82,109
195,2024-01-09 03:00:00,13.8,1.0,1,27,80,112
196,2024-01-09 04:00:00,13.3,1.0,1,26,82,110
197,2024-01-09 05:00:00,14.9,3.0,1,27,82,112
198,2024-01-09 06:00:00,11.7,0.0,1,26,87,109
199,2024-01-09 07:00:00,18.0,4.0,1,26,90,111
200,2024-01-09 08:00:00,20.4,6.0,1,28,79,154
201,2024-01-09 09:00:00,12.6,21.0,1,29,74,195
202,2024-01-09 10:00:00,9.9,22.0,1,30,68,134
203,2024-01-09 11:00:00,13.9,22.0,1,31,63,164
204,2024-01-09 12:00:00,19.5,0.0,1,31,64,149
205,2024-01-09 13:00:00,17.5,1.0,1,31,64,198
206,2024-01-09 14:00:00,11.7,8.0,1,30,65,182
207,2024-01-09 15:00:00,12.5,1.0,1,31,64,166
208,2024-01-09 16:00:00,12.8,0.0,2,30,69,133
209,2024-01-09 17:00:00,14.7,4.0,2,29,71,133
210,2024-01-09 18:00:00,15.7,11.03,1,29,75,124
211,2024-01-09 19:00:00,18.6,8.0,1,28,77,120
212,2024-01-09 20:00:00,17.8,6.0,1,28,80,110
213,2024-01-09 21:00:00,13.2,14.0,1,28,82,109
214,2024-01-09 22:00:00,15.5,22.0,1,28,79,129
215,2024-01-09 23:00:00,11.0,16.0,2,28,78,128
216,2024-01-10 00:00:00,20.3,3.0,1,28,79,122
217,2024-01-10 01:00:00,13.7,12.0,1,27,79,123
218,2024-01-10 02:00:00,15.7,1.0,1,27,80,116
219,2024-01-10 03:00:00,12.4,0.0,1,27,84,109
220,2024-01-10 04:00:00,13.9,0.0,1,26,87,107
221,2024-01-10 05:00:00,13.7,0.0,1,26,89,107
222,2024-01-10 06:00:00,16.8,5.0,1,26,90,106
223,2024-01-10 07:00:00,21.0,2.0,1,27,84,114
224,2024-01-10 08:00:00,19.0,0.0,1,28,78,123
225,2024-01-10 09:00:00,13.9,0.0,1,29,71,131
226,2024-01-10 10:00:00,16.6,0.0,1,31,63,162
227,2024-01-10 11:00:00,10.5,2.0,1,31,60,143
228,2024-01-10 12:00:00,12.5,11.0,1,32,57,168
229,2024-01-10 13:00:00,10.8,4.0,1,32,54,171
230,2024-01-10 14:00:00,13.2,10.0,1,32,55,163
231,2024-01-10 15:00:00,10.9,8.0,1,32,57,170
232,2024-01-10 16:00:00,8.9,6.0,1,31,61,163
233,2024-01-10 17:00:00,9.1,9.0,1,29,68,188
234,2024-01-10 18:00:00,15.8,6.0,1,28,73,190
235,2024-01-10 19:00:00,16.7,11.03,1,28,75,190
236,2024-01-10 20:00:00,16.0,6.0,1,28,76,163
237,2024-01-10 21:00:00,12.4,0.0,1,28,76,129
238,2024-01-10 22:00:00,17.5,0.0,1,28,77,134
239,2024-01-10 23:00:00,15.6,2.0,1,28,78,119
240,2024-01-11 00:00:00,16.0,2.0,1,27,79,118
241,2024-01-11 01:00:00,12.2,0.0,1,27,80,110
242,2024-01-11 02:00:00,13.7,5.0,1,27,81,105
243,2024-01-11 03:00:00,11.1,0.0,1,27,83,102
244,2024-01-11 04:00:00,13.2,0.0,1,26,86,99
245,2024-01-11 05:00:00,15.9,3.0,1,26,87,102
246,2024-01-11 06:00:00,18.1,5.0,0,26,86,104
247,2024-01-11 07:00:00,16.7,2.0,1,27,85,107
248,2024-01-11 08:00:00,25.5,2.0,1,29,73,114
249,2024-01-11 09:00:00,16.8,0.0,1,30,62,146
250,2024-01-11 10:00:00,13.8,0.0,1,31,58,141
251,2024-01-11 11:00:00,11.9,7.0,1,32,56,150
252,2024-01-11 12:00:00,17.0,2.0,1,32,54,143
253,2024-01-11 13:00:00,17.0,2.0,1,32,53,138
254,2024-01-11 14:00:00,13.2,14.0,1,32,54,166
255,2024-01-11 15:00:00,11.1,2.0,1,31,59,204
256,2024-01-11 16:00:00,9.7,1.0,1,30,63,199
257,2024-01-11 17:00:00,14.8,20.0,1,29,69,139
258,2024-01-11 18:00:00,20.0,9.0,1,28,72,145
259,2024-01-11 19:00:00,18.3,7.0,1,28,74,171
260,2024-01-11 20:00:00,16.7,11.03,1,28,74,137
261,2024-01-11 21:00:00,13.6,0.0,1,28,74,134
262,2024-01-11 22:00:00,14.9,0.0,1,28,75,131
263,2024-01-11 23:00:00,13.1,12.0,1,27,78,101
264,2024-01-12 00:00:00,13.5,2.0,0,27,79,106
265,2024-01-12 01:00:00,20.2,11.0,1,27,79,97
266,2024-01-12 02:00:00,14.7,9.0,0,26,83,106
267,2024-01-12 03:00:00,13.0,6.0,0,26,86,110
268,2024-01-12 04:00:00,13.7,3.0,0,25,87,106
269,2024-01-12 05:00:00,16.9,0.0,0,25,89,106
270,2024-01-12 06:00:00,27.1,0.0,0,25,90,109
271,2024-01-12 07:00:00,30.5,1.0,0,25,88,109
272,2024-01-12 08:00:00,22.6,1.0,1,28,75,122
273,2024-01-12 09:00:00,18.3,2.0,1,29,65,160
274,2024-01-12 10:00:00,12.5,3.0,0,31,57,138
275,2024-01-12 11:00:00,13.9,5.0,1,31,57,141
276,2024-01-12 12:00:00,14.5,13.0,1,32,54,174
277,2024-01-12 13:00:00,15.7,8.0,0,32,51,137
278,2024-01-12 14:00:00,18.4,27.0,1,32,51,143
279,2024-01-12 15:00:00,16.5,29.0,1,31,55,165
280,2024-01-12 16:00:00,18.9,28.0,1,30,61,141
281,2024-01-12 17:00:00,15.8,28.0,1,29,66,141
282,2024-01-12 18:00:00,22.6,13.0,1,28,70,142
283,2024-01-12 19:00:00,26.8,3.0,1,28,73,145
284,2024-01-12 20:00:00,23.4,3.0,1,28,74,119
285,2024-01-12 21:00:00,23.8,11.03,1,27,74,115
286,2024-01-12 22:00:00,22.1,0.0,1,27,75,103
287,2024-01-12 23:00:00,24.5,24.0,1,27,76,96
288,2024-01-13 00:00:00,21.0,3.0,0,27,77,101
289,2024-01-13 01:00:00,19.9,11.0,1,26,78,98
290,2024-01-13 02:00:00,20.1,6.0,1,26,80,96
291,2024-01-13 03:00:00,17.0,1.0,1,26,80,99
292,2024-01-13 04:00:00,19.3,3.0,1,26,79,96
293,2024-01-13 05:00:00,15.8,18.0,1,26,80,96
294,2024-01-13 06:00:00,16.9,7.0,1,26,78,98
295,2024-01-13 07:00:00,16.9,13.0,1,26,77,95
296,2024-01-13 08:00:00,21.5,14.0,1,28,68,116
297,2024-01-13 09:00:00,15.5,33.0,1,29,63,115
298,2024-01-13 10:00:00,19.2,39.0,1,30,56,112
299,2024-01-13 11:00:00,25.4,40.0,1,31,50,144
300,2024-01-13 12:00:00,23.4,0.0,0,32,47,170
301,2024-01-13 13:00:00,21.9,31.0,0,32,48,168
302,2024-01-13 14:00:00,15.9,6.0,1,32,50,156
303,2024-01-13 15:00:00,17.7,1.0,1,31,55,146
304,2024-01-13 16:00:00,22.6,1.0,1,31,54,142
305,2024-01-13 17:00:00,22.1,1.0,1,30,60,144
306,2024-01-13 18:00:00,21.2,9.0,1,28,67,121
307,2024-01-13 19:00:00,24.7,3.0,1,28,71,115
308,2024-01-13 20:00:00,24.3,1.0,1,27,74,113
309,2024-01-13 21:00:00,24.8,1.0,1,27,75,109
310,2024-01-13 22:00:00,27.4,11.03,1,27,75,111
311,2024-01-13 23:00:00,23.7,4.0,1,26,78,108
312,2024-01-14 00:00:00,28.3,9.0,1,26,79,109
313,2024-01-14 01:00:00,23.5,11.03,1,26,82,107
314,2024-01-14 02:00:00,22.1,140.0,0,25,85,107
315,2024-01-14 03:00:00,22.7,94.0,0,25,85,110
316,2024-01-14 04:00:00,28.4,1.0,0,25,86,106
317,2024-01-14 05:00:00,31.4,1.0,0,25,85,106
318,2024-01-14 06:00:00,21.4,0.0,0,25,86,105
319,2024-01-14 07:00:00,29.5,10.0,1,26,78,112
320,2024-01-14 08:00:00,19.5,1.0,1,28,70,129
321,2024-01-14 09:00:00,22.3,1.0,1,29,65,114
322,2024-01-14 10:00:00,21.2,6.0,1,30,60,129
323,2024-01-14 11:00:00,25.6,0.0,1,31,52,140
324,2024-01-14 12:00:00,27.9,19.0,1,32,48,158
325,2024-01-14 13:00:00,24.6,18.0,1,31,52,167
326,2024-01-14 14:00:00,20.1,43.0,1,31,52,191
327,2024-01-14 15:00:00,18.18,37.0,1,31,51,158
328,2024-01-14 16:00:00,18.18,30.0,1,30,56,183
329,2024-01-14 17:00:00,19.2,1.0,1,29,60,153
330,2024-01-14 18:00:00,20.1,2.0,1,28,63,135
331,2024-01-14 19:00:00,22.7,0.0,1,27,68,114
332,2024-01-14 20:00:00,31.5,1.0,1,27,69,118
333,2024-01-14 21:00:00,22.8,1.0,1,27,70,117
334,2024-01-14 22:00:00,19.7,2.0,1,27,71,116
335,2024-01-14 23:00:00,13.9,11.03,1,27,71,117
336,2024-01-15 00:00:00,13.7,11.0,2,27,74,119
337,2024-01-15 01:00:00,15.9,25.0,1,27,75,113
338,2024-01-15 02:00:00,14.1,22.0,1,26,78,106
339,2024-01-15 03:00:00,12.7,25.0,1,26,79,116
340,2024-01-15 04:00:00,13.7,25.0,1,27,75,117
341,2024-01-15 05:00:00,24.9,2.0,1,27,76,117
342,2024-01-15 06:00:00,21.3,5.0,1,27,78,109
343,2024-01-15 07:00:00,18.8,3.0,1,27,75,118
344,2024-01-15 08:00:00,18.2,3.0,1,28,70,114
345,2024-01-15 09:00:00,13.6,13.0,1,30,62,142
346,2024-01-15 10:00:00,15.7,9.0,1,30,59,207
347,2024-01-15 11:00:00,19.3,4.0,1,31,55,219
348,2024-01-15 12:00:00,18.5,2.0,0,32,54,197
349,2024-01-15 13:00:00,14.9,2.0,1,32,49,166
350,2024-01-15 14:00:00,12.1,6.0,1,32,51,172
351,2024-01-15 15:00:00,16.8,22.0,1,32,50,154
352,2024-01-15 16:00:00,16.2,5.0,1,31,54,189
353,2024-01-15 17:00:00,15.5,1.0,1,30,60,143
354,2024-01-15 18:00:00,16.2,1.0,1,28,68,138
355,2024-01-15 19:00:00,11.7,10.0,1,28,72,130
356,2024-01-15 20:00:00,17.7,1.0,1,28,73,133
357,2024-01-15 21:00:00,15.1,10.0,1,28,73,134
358,2024-01-15 22:00:00,20.2,36.0,1,28,73,142
359,2024-01-15 23:00:00,18.3,16.0,1,28,73,123
360,2024-01-16 00:00:00,20.1,11.03,1,27,77,109
361,2024-01-16 01:00:00,19.8,25.0,1,26,82,106
362,2024-01-16 02:00:00,17.2,29.0,1,26,85,107
363,2024-01-16 03:00:00,16.1,26.0,1,26,88,105
364,2024-01-16 04:00:00,19.9,18.0,1,26,89,104
365,2024-01-16 05:00:00,22.5,5.0,1,26,90,104
366,2024-01-16 06:00:00,24.7,22.0,1,26,87,103
367,2024-01-16 07:00:00,19.8,1.0,1,26,89,107
368,2024-01-16 08:00:00,24.9,0.0,1,28,74,140
369,2024-01-16 09:00:00,14.0,1.0,1,30,68,169
370,2024-01-16 10:00:00,27.3,3.0,1,30,62,208
371,2024-01-16 11:00:00,19.9,1.0,1,31,60,216
372,2024-01-16 12:00:00,15.4,7.0,1,32,58,218
373,2024-01-16 13:00:00,12.4,26.0,1,32,55,178
374,2024-01-16 14:00:00,10.2,27.0,1,31,57,148
375,2024-01-16 15:00:00,9.1,29.0,1,31,61,199
376,2024-01-16 16:00:00,11.2,30.0,1,30,63,172
377,2024-01-16 17:00:00,17.3,0.0,1,29,67,152
378,2024-01-16 18:00:00,17.9,3.0,1,29,71,132
379,2024-01-16 19:00:00,19.4,4.0,1,28,73,137
380,2024-01-16 20:00:00,23.9,1.0,1,28,74,121
381,2024-01-16 21:00:00,26.9,20.0,1,28,75,123
382,2024-01-16 22:00:00,23.9,13.0,1,28,79,130
383,2024-01-16 23:00:00,23.3,24.0,1,27,79,127
384,2024-01-17 00:00:00,25.9,20.0,1,28,76,162
385,2024-01-17 01:00:00,23.6,11.03,1,27,73,146
386,2024-01-17 02:00:00,13.7,30.0,1,27,73,134
387,2024-01-17 03:00:00,10.7,28.0,1,27,73,145
388,2024-01-17 04:00:00,12.8,27.0,1,27,72,129
389,2024-01-17 05:00:00,19.0,7.0,1,27,74,108
390,2024-01-17 06:00:00,15.6,15.0,1,27,79,132
391,2024-01-17 07:00:00,12.6,0.0,1,27,75,164
392,2024-01-17 08:00:00,13.9,0.0,1,28,70,176
393,2024-01-17 09:00:00,16.4,1.0,1,29,69,167
394,2024-01-17 10:00:00,16.0,3.0,1,30,61,177
395,2024-01-17 11:00:00,17.9,15.0,1,31,58,190
396,2024-01-17 12:00:00,17.7,1.0,1,31,57,187
397,2024-01-17 13:00:00,11.0,28.0,1,32,54,182
398,2024-01-17 14:00:00,13.7,23.0,1,32,53,192
399,2024-01-17 15:00:00,15.5,6.0,0,31,56,223
400,2024-01-17 16:00:00,19.3,14.0,1,30,58,181
401,2024-01-17 17:00:00,18.5,11.0,1,29,62,158
402,2024-01-17 18:00:00,18.7,3.0,1,28,69,158
403,2024-01-17 19:00:00,20.3,2.0,1,28,72,159
404,2024-01-17 20:00:00,14.2,1.0,1,28,73,143
405,2024-01-17 21:00:00,14.7,3.0,1,28,70,182
406,2024-01-17 22:00:00,16.6,9.0,1,28,70,183
407,2024-01-17 23:00:00,15.4,15.0,1,27,71,145
408,2024-01-18 00:00:00,13.9,11.0,1,27,72,126
409,2024-01-18 01:00:00,11.6,29.0,1,27,73,117
410,2024-01-18 02:00:00,9.9,11.03,1,27,75,119
411,2024-01-18 03:00:00,10.7,28.0,1,27,75,129
412,2024-01-18 04:00:00,14.4,8.0,1,27,75,137
413,2024-01-18 05:00:00,22.5,18.0,1,27,76,141
414,2024-01-18 06:00:00,16.2,9.0,1,27,77,156
415,2024-01-18 07:00:00,12.9,0.0,1,27,74,197
416,2024-01-18 08:00:00,17.3,11.03,0,27,0,0
417,2024-01-18 09:00:00,16.7,11.03,0,27,0,0
418,2024-01-18 10:00:00,14.3,11.03,0,27,0,0
419,2024-01-18 11:00:00,13.7,11.03,0,27,0,0
420,2024-01-18 12:00:00,13.7,11.03,0,27,0,0
421,2024-01-18 13:00:00,13.6,11.03,0,27,0,0
422,2024-01-18 14:00:00,15.9,11.03,0,27,0,0
423,2024-01-18 15:00:00,15.7,11.03,0,27,0,0
424,2024-01-18 16:00:00,17.4,11.03,0,27,0,0
425,2024-01-18 17:00:00,20.5,11.03,0,27,0,0
426,2024-01-18 18:00:00,16.4,11.03,0,27,0,0
427,2024-01-18 19:00:00,18.4,11.03,0,27,0,0
428,2024-01-18 20:00:00,18.2,11.03,0,27,0,0
429,2024-01-18 21:00:00,18.2,11.03,0,27,0,0
430,2024-01-18 22:00:00,18.4,11.03,0,27,0,0
431,2024-01-18 23:00:00,9.6,11.03,0,27,0,0
432,2024-01-19 00:00:00,15.5,11.03,0,27,0,0
433,2024-01-19 01:00:00,15.5,11.03,0,27,0,0
434,2024-01-19 02:00:00,11.2,11.03,0,27,0,0
435,2024-01-19 03:00:00,13.8,11.03,0,27,0,0
436,2024-01-19 04:00:00,17.6,11.03,0,27,0,0
437,2024-01-19 05:00:00,25.0,11.03,0,27,0,0
438,2024-01-19 06:00:00,25.0,11.03,0,27,0,0
439,2024-01-19 07:00:00,18.2,11.03,0,27,0,0
440,2024-01-19 08:00:00,17.3,11.03,0,27,0,0
441,2024-01-19 09:00:00,17.5,11.03,0,27,0,0
442,2024-01-19 10:00:00,21.7,11.03,0,27,0,0
443,2024-01-19 11:00:00,17.6,11.03,0,27,0,0
444,2024-01-19 12:00:00,14.3,7.0,1,31,56,182
445,2024-01-19 13:00:00,13.6,32.0,1,32,55,176
446,2024-01-19 14:00:00,10.2,16.0,1,32,52,161
447,2024-01-19 15:00:00,17.7,4.0,1,32,54,172
448,2024-01-19 16:00:00,16.5,6.0,1,30,60,209
449,2024-01-19 17:00:00,15.7,11.03,0,30,0,0
450,2024-01-19 18:00:00,20.5,11.03,0,30,0,0
451,2024-01-19 19:00:00,18.7,11.03,0,30,0,0
452,2024-01-19 20:00:00,19.2,11.03,0,30,0,0
453,2024-01-19 21:00:00,20.1,11.03,0,30,0,0
454,2024-01-19 22:00:00,20.9,11.03,0,30,0,0
455,2024-01-19 23:00:00,17.3,11.03,0,30,0,0
456,2024-01-20 00:00:00,18.9,11.03,0,30,0,0
457,2024-01-20 01:00:00,11.8,11.03,0,30,0,0
458,2024-01-20 02:00:00,11.6,11.03,0,30,0,0
459,2024-01-20 03:00:00,12.9,11.03,0,30,0,0
460,2024-01-20 04:00:00,26.9,11.03,0,30,0,0
461,2024-01-20 05:00:00,29.1,11.03,0,30,0,0
462,2024-01-20 06:00:00,28.0,11.03,0,30,0,0
463,2024-01-20 07:00:00,31.5,11.03,0,30,0,0
464,2024-01-20 08:00:00,34.4,11.03,0,30,0,0
465,2024-01-20 09:00:00,22.9,11.03,0,30,0,0
466,2024-01-20 10:00:00,21.7,11.03,0,30,0,0
467,2024-01-20 11:00:00,17.1,11.03,0,30,0,0
468,2024-01-20 12:00:00,16.3,11.03,0,30,0,0
469,2024-01-20 13:00:00,13.6,11.03,0,30,0,0
470,2024-01-20 14:00:00,15.7,11.03,0,30,0,0
471,2024-01-20 15:00:00,22.4,11.03,0,30,0,0
472,2024-01-20 16:00:00,20.0,11.03,0,30,0,0
473,2024-01-20 17:00:00,22.7,11.03,0,30,0,0
474,2024-01-20 18:00:00,25.4,11.03,0,30,0,0
475,2024-01-20 19:00:00,23.8,11.03,0,30,0,0
476,2024-01-20 20:00:00,28.3,11.03,0,30,0,0
477,2024-01-20 21:00:00,33.9,11.03,0,30,0,0
478,2024-01-20 22:00:00,25.8,11.03,0,30,0,0
479,2024-01-20 23:00:00,25.7,11.03,0,30,0,0
480,2024-01-21 00:00:00,24.1,11.03,0,30,0,0
481,2024-01-21 01:00:00,19.8,11.03,0,30,0,0
482,2024-01-21 02:00:00,20.2,11.03,0,30,0,0
483,2024-01-21 03:00:00,26.8,11.03,0,30,0,0
484,2024-01-21 04:00:00,31.7,11.03,0,30,0,0
485,2024-01-21 05:00:00,36.8,11.03,0,30,0,0
486,2024-01-21 06:00:00,35.1,11.03,0,30,0,0
487,2024-01-21 07:00:00,34.3,11.03,0,30,0,0
488,2024-01-21 08:00:00,38.4,11.03,0,30,0,0
489,2024-01-21 09:00:00,33.2,11.03,0,30,0,0
490,2024-01-21 10:00:00,18.18,11.03,0,30,0,0
491,2024-01-21 11:00:00,25.6,11.03,0,30,0,0
492,2024-01-21 12:00:00,23.6,11.03,0,30,0,0
493,2024-01-21 13:00:00,14.1,11.03,0,30,0,0
494,2024-01-21 14:00:00,24.3,11.03,0,30,0,0
495,2024-01-21 15:00:00,23.1,11.03,0,30,0,0
496,2024-01-21 16:00:00,27.8,11.03,0,30,0,0
497,2024-01-21 17:00:00,22.9,11.03,0,30,0,0
498,2024-01-21 18:00:00,26.3,11.03,0,30,0,0
499,2024-01-21 19:00:00,21.5,11.03,0,30,0,0
500,2024-01-21 20:00:00,20.4,11.03,0,30,0,0
501,2024-01-21 21:00:00,25.1,11.03,0,30,0,0
502,2024-01-21 22:00:00,26.4,11.03,0,30,0,0
503,2024-01-21 23:00:00,25.1,11.03,0,30,0,0
504,2024-01-22 00:00:00,21.3,11.03,0,30,0,0
505,2024-01-22 01:00:00,20.4,11.03,0,30,0,0
506,2024-01-22 02:00:00,23.0,11.03,0,30,0,0
507,2024-01-22 03:00:00,28.7,11.03,0,30,0,0
508,2024-01-22 04:00:00,28.9,11.03,0,30,0,0
509,2024-01-22 05:00:00,23.0,11.03,0,30,0,0
510,2024-01-22 06:00:00,21.2,11.03,0,30,0,0
511,2024-01-22 07:00:00,22.8,7.0,1,26,85,104
512,2024-01-22 08:00:00,22.0,17.0,1,28,77,98
513,2024-01-22 09:00:00,28.1,26.0,1,28,75,93
514,2024-01-22 10:00:00,22.5,24.0,1,29,73,115
515,2024-01-22 11:00:00,21.9,16.0,1,26,84,92
516,2024-01-22 12:00:00,13.5,18.0,1,28,75,92
517,2024-01-22 13:00:00,12.3,23.0,1,29,69,107
518,2024-01-22 14:00:00,10.8,26.0,1,30,65,128
519,2024-01-22 15:00:00,7.9,24.0,1,30,64,140
520,2024-01-22 16:00:00,8.1,21.0,1,29,67,132
521,2024-01-22 17:00:00,9.5,20.0,1,29,70,124
522,2024-01-22 18:00:00,11.3,19.0,1,28,71,119
523,2024-01-22 19:00:00,9.3,16.0,1,27,78,110
524,2024-01-22 20:00:00,8.1,13.0,1,27,81,110
525,2024-01-22 21:00:00,9.9,9.0,1,26,84,109
526,2024-01-22 22:00:00,12.3,13.0,2,26,86,115
527,2024-01-22 23:00:00,16.4,17.0,1,25,87,111
528,2024-01-23 00:00:00,9.8,16.0,1,25,92,109
529,2024-01-23 01:00:00,12.2,3.0,1,25,93,109
530,2024-01-23 02:00:00,13.2,2.0,1,25,93,105
531,2024-01-23 03:00:00,9.7,2.0,1,25,93,126
532,2024-01-23 04:00:00,12.0,1.0,1,24,90,120
533,2024-01-23 05:00:00,10.9,5.0,1,23,80,119
534,2024-01-23 06:00:00,11.4,0.0,0,23,84,106
535,2024-01-23 07:00:00,10.2,11.03,1,25,81,95
536,2024-01-23 08:00:00,7.3,11.0,1,28,65,93
537,2024-01-23 09:00:00,7.2,0.0,1,29,61,125
538,2024-01-23 10:00:00,6.9,2.0,1,30,61,99
539,2024-01-23 11:00:00,9.5,0.0,1,30,59,126
540,2024-01-23 12:00:00,12.4,1.0,1,30,62,113
541,2024-01-23 13:00:00,14.4,5.0,1,30,63,111
542,2024-01-23 14:00:00,13.0,3.0,1,30,64,150
543,2024-01-23 15:00:00,16.4,1.0,1,30,61,133
544,2024-01-23 16:00:00,7.6,0.0,1,29,63,147
545,2024-01-23 17:00:00,14.8,2.0,1,29,69,123
546,2024-01-23 18:00:00,12.3,0.0,1,28,74,123
547,2024-01-23 19:00:00,14.2,2.0,1,28,77,108
548,2024-01-23 20:00:00,13.5,2.0,1,28,73,135
549,2024-01-23 21:00:00,17.6,11.03,0,28,0,0
550,2024-01-23 22:00:00,16.1,17.0,1,27,77,119
551,2024-01-23 23:00:00,11.3,2.0,1,27,78,117
552,2024-01-24 00:00:00,12.7,15.0,1,27,79,95
553,2024-01-24 01:00:00,10.2,0.0,1,27,79,102
554,2024-01-24 02:00:00,13.9,1.0,1,27,80,101
555,2024-01-24 03:00:00,15.9,1.0,1,27,81,95
556,2024-01-24 04:00:00,13.6,0.0,1,27,81,106
557,2024-01-24 05:00:00,13.7,0.0,1,27,82,111
558,2024-01-24 06:00:00,14.4,0.0,1,27,82,115
559,2024-01-24 07:00:00,13.5,11.0,1,27,82,114
560,2024-01-24 08:00:00,15.4,11.03,1,27,79,111
561,2024-01-24 09:00:00,14.3,7.0,1,28,76,109
562,2024-01-24 10:00:00,14.2,10.0,1,30,68,111
563,2024-01-24 11:00:00,13.6,24.0,1,30,64,150
564,2024-01-24 12:00:00,12.8,23.0,1,30,60,134
565,2024-01-24 13:00:00,18.3,23.0,1,30,63,151
566,2024-01-24 14:00:00,15.8,0.0,1,28,80,123
567,2024-01-24 15:00:00,15.5,1.0,1,29,73,128
568,2024-01-24 16:00:00,16.7,9.0,1,28,74,154
569,2024-01-24 17:00:00,15.5,2.0,1,27,79,119
570,2024-01-24 18:00:00,14.3,1.0,1,27,79,126
571,2024-01-24 19:00:00,14.7,0.0,1,27,80,126
572,2024-01-24 20:00:00,15.0,3.0,1,27,81,136
573,2024-01-24 21:00:00,15.7,17.0,1,27,83,127
574,2024-01-24 22:00:00,10.9,24.0,1,26,85,128
575,2024-01-24 23:00:00,8.4,26.0,1,26,87,130
576,2024-01-25 00:00:00,9.3,27.0,1,26,86,114
577,2024-01-25 01:00:00,11.2,27.0,1,26,84,120
578,2024-01-25 02:00:00,19.2,15.0,1,26,84,132
579,2024-01-25 03:00:00,13.0,10.0,1,26,85,115
580,2024-01-25 04:00:00,12.3,11.03,1,26,85,165
581,2024-01-25 05:00:00,12.3,0.0,1,26,85,129
582,2024-01-25 06:00:00,13.5,0.0,1,26,86,163
583,2024-01-25 07:00:00,11.8,20.0,1,26,87,191
584,2024-01-25 08:00:00,7.5,5.0,1,25,89,173
585,2024-01-25 09:00:00,10.0,11.03,1,26,90,189
586,2024-01-25 10:00:00,10.1,12.0,1,27,87,214
587,2024-01-25 11:00:00,9.4,0.0,1,28,80,171
588,2024-01-25 12:00:00,8.4,1.0,1,28,79,192
589,2024-01-25 13:00:00,16.2,2.0,1,28,80,155
590,2024-01-25 14:00:00,17.7,4.0,1,27,81,234
591,2024-01-25 15:00:00,20.6,8.0,1,28,75,220
592,2024-01-25 16:00:00,14.9,17.0,1,27,79,172
593,2024-01-25 17:00:00,12.4,26.0,1,27,78,169
594,2024-01-25 18:00:00,9.6,31.0,1,27,82,195
595,2024-01-25 19:00:00,8.9,19.0,0,27,79,168
596,2024-01-25 20:00:00,18.2,29.0,1,26,83,171
597,2024-01-25 21:00:00,17.2,31.0,1,26,82,183
598,2024-01-25 22:00:00,15.8,34.0,1,27,80,136
599,2024-01-25 23:00:00,14.0,33.0,1,27,76,197
600,2024-01-26 00:00:00,16.2,26.0,1,27,75,137
601,2024-01-26 01:00:00,14.0,24.0,1,27,75,156
602,2024-01-26 02:00:00,10.2,34.0,1,27,78,152
603,2024-01-26 03:00:00,12.5,34.0,1,26,86,136
604,2024-01-26 04:00:00,9.9,21.0,1,26,83,169
605,2024-01-26 05:00:00,7.7,16.0,0,26,80,150
606,2024-01-26 06:00:00,12.6,11.0,1,27,79,108
607,2024-01-26 07:00:00,13.5,23.0,1,27,78,101
608,2024-01-26 08:00:00,9.0,30.0,1,28,73,91
609,2024-01-26 09:00:00,15.8,31.0,0,29,70,188
610,2024-01-26 10:00:00,20.3,11.03,1,30,67,225
611,2024-01-26 11:00:00,14.9,29.0,1,31,62,216
612,2024-01-26 12:00:00,15.5,13.0,1,31,61,232
613,2024-01-26 13:00:00,17.4,25.0,1,30,65,223
614,2024-01-26 14:00:00,17.7,29.0,1,30,66,206
615,2024-01-26 15:00:00,17.9,25.0,1,29,69,222
616,2024-01-26 16:00:00,20.1,9.0,2,28,77,234
617,2024-01-26 17:00:00,16.1,30.0,1,27,80,208
618,2024-01-26 18:00:00,15.7,31.0,1,27,79,180
619,2024-01-26 19:00:00,17.0,30.0,1,27,78,193
620,2024-01-26 20:00:00,22.6,31.0,1,27,77,191
621,2024-01-26 21:00:00,24.2,32.0,1,27,76,179
622,2024-01-26 22:00:00,23.3,33.0,1,27,77,172
623,2024-01-26 23:00:00,16.9,36.0,1,27,77,184
624,2024-01-27 00:00:00,22.9,35.0,1,27,77,157
625,2024-01-27 01:00:00,19.5,33.0,1,27,78,156
626,2024-01-27 02:00:00,14.9,34.0,1,27,77,127
627,2024-01-27 03:00:00,17.8,34.0,1,26,78,124
628,2024-01-27 04:00:00,15.1,32.0,1,26,79,111
629,2024-01-27 05:00:00,19.1,28.0,1,26,80,107
630,2024-01-27 06:00:00,20.3,27.0,1,26,80,113
631,2024-01-27 07:00:00,18.5,31.0,0,27,77,123
632,2024-01-27 08:00:00,14.4,28.0,1,28,68,150
633,2024-01-27 09:00:00,14.5,26.0,1,29,63,201
634,2024-01-27 10:00:00,18.8,12.0,0,29,65,190
635,2024-01-27 11:00:00,13.8,11.03,1,31,56,233
636,2024-01-27 12:00:00,14.0,31.0,1,31,59,191
637,2024-01-27 13:00:00,18.4,30.0,0,31,58,159
638,2024-01-27 14:00:00,21.1,30.0,0,30,63,173
639,2024-01-27 15:00:00,20.2,30.0,1,30,65,176
640,2024-01-27 16:00:00,16.1,30.0,1,29,65,192
641,2024-01-27 17:00:00,14.3,37.0,1,28,72,207
642,2024-01-27 18:00:00,15.5,36.0,1,27,74,227
643,2024-01-27 19:00:00,12.1,30.0,1,27,75,201
644,2024-01-27 20:00:00,13.3,30.0,1,27,77,182
645,2024-01-27 21:00:00,16.7,29.0,1,27,76,173
646,2024-01-27 22:00:00,17.0,31.0,1,27,75,172
647,2024-01-27 23:00:00,13.1,32.0,1,27,76,122
648,2024-01-28 00:00:00,11.8,31.0,1,26,78,108
649,2024-01-28 01:00:00,14.4,32.0,1,26,78,110
650,2024-01-28 02:00:00,24.2,33.0,1,26,78,102
651,2024-01-28 03:00:00,21.0,34.0,1,26,78,111
652,2024-01-28 04:00:00,18.0,35.0,0,26,78,141
653,2024-01-28 05:00:00,13.6,33.0,1,26,78,134
654,2024-01-28 06:00:00,17.6,31.0,1,26,76,119
655,2024-01-28 07:00:00,12.2,33.0,1,26,74,104
656,2024-01-28 08:00:00,13.9,32.0,1,28,70,106
657,2024-01-28 09:00:00,22.1,34.0,0,29,66,192
658,2024-01-28 10:00:00,17.3,35.0,1,29,64,191
659,2024-01-28 11:00:00,13.8,35.0,0,30,60,232
660,2024-01-28 12:00:00,12.4,11.03,1,31,57,199
661,2024-01-28 13:00:00,18.5,33.0,1,31,57,210
662,2024-01-28 14:00:00,14.6,32.0,1,31,58,210
663,2024-01-28 15:00:00,13.1,31.0,1,31,57,165
664,2024-01-28 16:00:00,18.8,33.0,1,30,60,198
665,2024-01-28 17:00:00,18.9,33.0,0,29,66,205
666,2024-01-28 18:00:00,20.8,33.0,1,28,70,219
667,2024-01-28 19:00:00,20.9,32.0,1,27,73,188
668,2024-01-28 20:00:00,21.6,32.0,1,27,74,155
669,2024-01-28 21:00:00,18.3,33.0,1,27,75,170
670,2024-01-28 22:00:00,21.6,33.0,1,27,74,145
671,2024-01-28 23:00:00,14.2,33.0,1,27,74,120
672,2024-01-29 00:00:00,10.8,33.0,1,27,75,114
673,2024-01-29 01:00:00,12.1,31.0,1,26,77,109
674,2024-01-29 02:00:00,21.6,31.0,1,26,77,106
675,2024-01-29 03:00:00,20.0,32.0,1,26,77,107
676,2024-01-29 04:00:00,19.7,33.0,1,26,77,119
677,2024-01-29 05:00:00,15.6,33.0,1,25,83,131
678,2024-01-29 06:00:00,16.2,31.0,1,25,87,113
679,2024-01-29 07:00:00,10.5,30.0,1,26,82,128
680,2024-01-29 08:00:00,15.8,29.0,1,27,77,116
681,2024-01-29 09:00:00,12.1,33.0,1,28,72,193
682,2024-01-29 10:00:00,14.7,34.0,1,30,65,218
683,2024-01-29 11:00:00,16.2,33.0,0,30,61,227
684,2024-01-29 12:00:00,16.9,34.0,1,31,59,202
685,2024-01-29 13:00:00,15.6,11.03,0,31,56,205
686,2024-01-29 14:00:00,19.6,7.0,1,31,55,202
687,2024-01-29 15:00:00,21.4,23.0,1,31,57,194
688,2024-01-29 16:00:00,16.1,2.0,1,30,58,188
689,2024-01-29 17:00:00,25.1,0.0,1,29,61,142
690,2024-01-29 18:00:00,20.1,3.0,1,28,70,152
691,2024-01-29 19:00:00,18.0,4.0,1,27,73,202
692,2024-01-29 20:00:00,20.3,11.0,1,27,73,149
693,2024-01-29 21:00:00,23.5,13.0,1,27,73,134
694,2024-01-29 22:00:00,17.9,15.0,1,27,74,123
695,2024-01-29 23:00:00,10.5,32.0,1,27,79,127
696,2024-01-30 00:00:00,12.2,33.0,1,26,82,172
697,2024-01-30 01:00:00,11.8,17.0,1,26,80,175
698,2024-01-30 02:00:00,18.0,1.0,1,25,85,134
699,2024-01-30 03:00:00,9.6,11.0,1,25,82,167
700,2024-01-30 04:00:00,12.5,8.0,1,26,81,103
701,2024-01-30 05:00:00,12.5,0.0,1,26,82,108
702,2024-01-30 06:00:00,10.4,1.0,1,26,83,121
703,2024-01-30 07:00:00,18.7,13.0,1,26,81,125
704,2024-01-30 08:00:00,17.5,0.0,1,28,74,120
705,2024-01-30 09:00:00,17.2,3.0,1,29,67,167
706,2024-01-30 10:00:00,12.7,20.0,0,30,60,148
707,2024-01-30 11:00:00,14.9,30.0,0,31,56,193
708,2024-01-30 12:00:00,15.3,31.0,1,32,52,198
709,2024-01-30 13:00:00,18.9,19.0,1,32,52,166
710,2024-01-30 14:00:00,15.8,11.03,1,32,50,188
711,2024-01-30 15:00:00,17.4,14.0,1,32,52,184
712,2024-01-30 16:00:00,16.3,0.0,1,31,55,139
713,2024-01-30 17:00:00,21.5,1.0,1,29,61,130
714,2024-01-30 18:00:00,16.4,6.0,1,28,67,131
715,2024-01-30 19:00:00,24.0,2.0,1,28,71,120
716,2024-01-30 20:00:00,21.0,4.0,1,27,72,120
717,2024-01-30 21:00:00,22.1,14.0,1,27,73,121
718,2024-01-30 22:00:00,14.7,26.0,1,27,75,117
719,2024-01-30 23:00:00,14.3,28.0,1,27,76,118
720,2024-01-31 00:00:00,18.0,25.0,0,26,78,113
721,2024-01-31 01:00:00,18.7,6.0,0,26,79,107
722,2024-01-31 02:00:00,23.7,17.0,1,26,78,108
723,2024-01-31 03:00:00,17.1,1.0,1,26,79,114
724,2024-01-31 04:00:00,14.8,9.0,1,26,82,112
725,2024-01-31 05:00:00,19.8,0.0,0,26,85,108
726,2024-01-31 06:00:00,15.8,1.0,0,25,88,107
727,2024-01-31 07:00:00,21.7,2.0,0,26,86,108
728,2024-01-31 08:00:00,21.2,1.0,1,28,75,110
729,2024-01-31 09:00:00,16.1,1.0,1,29,68,127
730,2024-01-31 10:00:00,15.0,0.0,1,30,59,164
731,2024-01-31 11:00:00,13.3,2.0,1,31,58,164
732,2024-01-31 12:00:00,14.0,14.0,1,31,55,189
733,2024-01-31 13:00:00,17.4,0.0,1,31,54,184
734,2024-01-31 14:00:00,16.3,16.0,1,31,54,161
735,2024-01-31 15:00:00,12.9,11.03,1,31,54,180
736,2024-01-31 16:00:00,8.2,26.0,1,31,56,153
737,2024-01-31 17:00:00,12.6,3.0,1,29,65,153
738,2024-01-31 18:00:00,14.5,18.0,1,28,71,150
739,2024-01-31 19:00:00,14.7,6.0,1,28,75,117
740,2024-01-31 20:00:00,20.0,14.0,1,27,76,119
741,2024-01-31 21:00:00,18.7,17.0,1,27,77,118
742,2024-01-31 22:00:00,16.7,0.0,1,27,81,108
743,2024-01-31 23:00:00,24.3,0.0,1,26,81,111
744,2024-02-01 00:00:00,19.6,1.0,0,26,82,110
745,2024-02-01 01:00:00,19.2,12.0,0,26,85,108
746,2024-02-01 02:00:00,19.0,9.0,0,26,86,106
747,2024-02-01 03:00:00,17.8,1.0,0,25,88,111
748,2024-02-01 04:00:00,13.8,0.0,0,25,89,116
749,2024-02-01 05:00:00,19.7,0.0,0,25,89,114
750,2024-02-01 06:00:00,18.0,0.0,0,25,89,105
751,2024-02-01 07:00:00,23.9,2.0,0,26,85,105
752,2024-02-01 08:00:00,29.9,1.0,1,28,78,111
753,2024-02-01 09:00:00,23.5,2.0,1,29,70,121
754,2024-02-01 10:00:00,19.5,1.0,1,30,61,142
755,2024-02-01 11:00:00,17.8,1.0,1,31,57,171
756,2024-02-01 12:00:00,18.9,1.0,1,32,53,160
757,2024-02-01 13:00:00,17.5,9.0,1,32,52,171
758,2024-02-01 14:00:00,17.9,16.0,1,32,51,164
759,2024-02-01 15:00:00,16.7,5.0,1,31,52,167
760,2024-02-01 16:00:00,13.1,11.03,1,31,54,166
761,2024-02-01 17:00:00,17.8,20.0,1,29,62,135
762,2024-02-01 18:00:00,13.0,18.0,1,28,68,126
763,2024-02-01 19:00:00,22.5,0.0,1,28,73,117
764,2024-02-01 20:00:00,21.9,1.0,1,27,75,113
765,2024-02-01 21:00:00,22.3,10.0,1,27,77,111
766,2024-02-01 22:00:00,20.7,1.0,1,27,80,113
767,2024-02-01 23:00:00,25.6,0.0,1,26,83,109
768,2024-02-02 00:00:00,30.9,0.0,0,26,84,109
769,2024-02-02 01:00:00,25.9,1.0,0,26,86,108
770,2024-02-02 02:00:00,27.4,4.0,0,25,86,107
771,2024-02-02 03:00:00,18.4,0.0,0,25,89,105
772,2024-02-02 04:00:00,25.1,0.0,0,25,89,105
773,2024-02-02 05:00:00,29.3,0.0,0,24,91,103
774,2024-02-02 06:00:00,30.1,0.0,0,24,91,104
775,2024-02-02 07:00:00,29.6,1.0,0,25,90,105
776,2024-02-02 08:00:00,32.4,5.0,0,27,81,109
777,2024-02-02 09:00:00,31.8,0.0,1,29,68,113
778,2024-02-02 10:00:00,19.3,0.0,1,31,59,127
779,2024-02-02 11:00:00,15.8,0.0,1,32,54,169
780,2024-02-02 12:00:00,18.4,1.0,1,32,52,191
781,2024-02-02 13:00:00,16.5,3.0,1,32,52,172
782,2024-02-02 14:00:00,15.0,5.0,1,32,50,141
783,2024-02-02 15:00:00,13.6,1.0,1,32,52,168
784,2024-02-02 16:00:00,14.4,2.0,1,31,57,153
785,2024-02-02 17:00:00,10.7,11.03,1,30,64,158
786,2024-02-02 18:00:00,11.9,15.0,1,29,70,116
787,2024-02-02 19:00:00,16.7,13.0,1,28,74,122
788,2024-02-02 20:00:00,16.7,0.0,1,27,77,116
789,2024-02-02 21:00:00,23.6,7.0,1,27,79,116
790,2024-02-02 22:00:00,17.3,0.0,1,27,80,110
791,2024-02-02 23:00:00,19.4,1.0,0,27,81,110
792,2024-02-03 00:00:00,17.2,0.0,0,26,82,109
793,2024-02-03 01:00:00,18.6,1.0,0,26,84,108
794,2024-02-03 02:00:00,22.2,0.0,0,26,85,107
795,2024-02-03 03:00:00,21.9,9.0,1,26,80,117
796,2024-02-03 04:00:00,17.3,15.0,1,26,79,116
797,2024-02-03 05:00:00,16.1,15.0,1,26,78,114
798,2024-02-03 06:00:00,14.6,2.0,0,25,87,107
799,2024-02-03 07:00:00,25.8,1.0,0,26,87,108
800,2024-02-03 08:00:00,33.8,1.0,1,28,74,111
801,2024-02-03 09:00:00,20.5,1.0,1,29,66,124
802,2024-02-03 10:00:00,12.5,1.0,1,30,61,134
803,2024-02-03 11:00:00,18.8,0.0,1,32,55,138
804,2024-02-03 12:00:00,12.9,1.0,1,32,52,164
805,2024-02-03 13:00:00,11.3,2.0,1,32,51,148
806,2024-02-03 14:00:00,12.0,15.0,1,33,50,149
807,2024-02-03 15:00:00,19.2,3.0,1,32,52,167
808,2024-02-03 16:00:00,14.1,17.0,1,31,57,186
809,2024-02-03 17:00:00,11.9,0.0,1,30,65,188
810,2024-02-03 18:00:00,13.1,11.03,1,28,70,182
811,2024-02-03 19:00:00,20.9,3.0,1,28,72,140
812,2024-02-03 20:00:00,20.2,1.0,1,28,74,119
813,2024-02-03 21:00:00,16.8,4.0,1,27,76,112
814,2024-02-03 22:00:00,15.5,1.0,1,27,77,111
815,2024-02-03 23:00:00,10.5,1.0,0,27,78,107
816,2024-02-04 00:00:00,12.7,0.0,0,27,79,108
817,2024-02-04 01:00:00,13.0,6.0,0,27,80,106
818,2024-02-04 02:00:00,9.9,11.0,0,27,78,100
819,2024-02-04 03:00:00,13.2,0.0,0,26,81,96
820,2024-02-04 04:00:00,14.2,13.0,0,26,84,100
821,2024-02-04 05:00:00,15.7,2.0,0,25,89,107
822,2024-02-04 06:00:00,23.3,2.0,0,25,89,103
823,2024-02-04 07:00:00,24.0,3.0,0,25,87,107
824,2024-02-04 08:00:00,29.4,12.0,1,28,73,110
825,2024-02-04 09:00:00,19.3,1.0,1,30,63,95
826,2024-02-04 10:00:00,16.4,1.0,1,31,58,109
827,2024-02-04 11:00:00,17.4,0.0,1,33,54,121
828,2024-02-04 12:00:00,17.2,0.0,2,33,52,122
829,2024-02-04 13:00:00,15.4,25.0,2,33,54,137
830,2024-02-04 14:00:00,17.6,1.0,3,33,55,140
831,2024-02-04 15:00:00,20.5,2.0,3,32,55,145
832,2024-02-04 16:00:00,20.7,24.0,2,31,57,140
833,2024-02-04 17:00:00,25.7,2.0,2,30,63,138
834,2024-02-04 18:00:00,21.7,28.0,1,29,68,128
835,2024-02-04 19:00:00,22.7,11.03,1,28,72,128
836,2024-02-04 20:00:00,26.5,28.0,1,28,75,112
837,2024-02-04 21:00:00,22.9,0.0,1,27,78,111
838,2024-02-04 22:00:00,29.1,0.0,0,27,78,107
839,2024-02-04 23:00:00,27.4,0.0,0,27,77,108
840,2024-02-05 00:00:00,22.2,7.0,0,27,79,106
841,2024-02-05 01:00:00,28.9,1.0,0,26,84,102
842,2024-02-05 02:00:00,36.0,5.0,0,26,85,99
843,2024-02-05 03:00:00,31.0,9.0,0,25,86,102
844,2024-02-05 04:00:00,27.9,12.0,0,25,88,100
845,2024-02-05 05:00:00,31.2,14.0,0,25,89,102
846,2024-02-05 06:00:00,30.2,14.0,0,25,89,101
847,2024-02-05 07:00:00,33.8,0.0,0,25,89,113
848,2024-02-05 08:00:00,39.3,9.0,1,27,81,106
849,2024-02-05 09:00:00,43.4,0.0,1,29,72,116
850,2024-02-05 10:00:00,26.9,3.0,1,30,62,124
851,2024-02-05 11:00:00,25.3,0.0,2,32,59,124
852,2024-02-05 12:00:00,26.8,1.0,2,33,53,130
853,2024-02-05 13:00:00,22.0,2.0,1,33,49,139
854,2024-02-05 14:00:00,21.4,26.0,1,33,47,159
855,2024-02-05 15:00:00,24.6,26.0,1,33,49,147
856,2024-02-05 16:00:00,22.5,9.0,1,32,53,134
857,2024-02-05 17:00:00,25.3,33.0,1,31,58,149
858,2024-02-05 18:00:00,15.0,25.0,1,29,63,123
859,2024-02-05 19:00:00,19.5,0.0,1,28,71,113
860,2024-02-05 20:00:00,17.4,11.03,1,28,74,109
861,2024-02-05 21:00:00,16.3,6.0,1,28,76,112
862,2024-02-05 22:00:00,16.0,1.0,0,27,78,111
863,2024-02-05 23:00:00,17.4,1.0,1,27,78,114
864,2024-02-06 00:00:00,18.18,8.0,1,27,76,119
865,2024-02-06 01:00:00,18.18,0.0,0,27,77,103
866,2024-02-06 02:00:00,19.8,0.0,0,26,83,101
867,2024-02-06 03:00:00,23.1,0.0,0,26,85,103
868,2024-02-06 04:00:00,20.7,2.0,0,25,87,104
869,2024-02-06 05:00:00,24.0,0.0,0,25,89,106
870,2024-02-06 06:00:00,23.4,1.0,0,25,89,106
871,2024-02-06 07:00:00,26.3,0.0,0,25,89,107
872,2024-02-06 08:00:00,31.0,1.0,1,26,85,111
873,2024-02-06 09:00:00,32.9,10.0,2,28,77,120
874,2024-02-06 10:00:00,26.2,10.0,2,30,68,126
875,2024-02-06 11:00:00,20.3,4.0,2,31,63,126
876,2024-02-06 12:00:00,19.5,5.0,2,32,55,131
877,2024-02-06 13:00:00,13.5,18.0,1,33,50,159
878,2024-02-06 14:00:00,12.9,5.0,1,33,50,173
879,2024-02-06 15:00:00,11.1,12.0,1,33,50,148
880,2024-02-06 16:00:00,18.18,5.0,1,32,53,166
881,2024-02-06 17:00:00,18.18,4.0,2,31,57,128
882,2024-02-06 18:00:00,12.5,3.0,1,30,63,125
883,2024-02-06 19:00:00,13.9,0.0,1,29,71,115
884,2024-02-06 20:00:00,20.0,0.0,1,28,75,113
885,2024-02-06 21:00:00,19.3,11.03,1,28,77,111
886,2024-02-06 22:00:00,17.7,8.0,1,28,79,112
887,2024-02-06 23:00:00,18.8,1.0,0,28,80,107
888,2024-02-07 00:00:00,17.1,2.0,0,28,80,105
889,2024-02-07 01:00:00,13.3,5.0,1,27,83,105
890,2024-02-07 02:00:00,18.8,2.0,0,26,86,103
891,2024-02-07 03:00:00,22.5,6.0,0,26,85,94
892,2024-02-07 04:00:00,18.2,2.0,1,26,86,95
893,2024-02-07 05:00:00,27.0,1.0,0,26,88,101
894,2024-02-07 06:00:00,31.5,0.0,0,25,89,99
895,2024-02-07 07:00:00,24.8,0.0,0,26,85,100
896,2024-02-07 08:00:00,28.4,0.0,1,28,74,119
897,2024-02-07 09:00:00,22.3,11.0,1,30,65,122
898,2024-02-07 10:00:00,22.5,0.0,1,31,57,120
899,2024-02-07 11:00:00,20.3,8.0,2,33,49,136
900,2024-02-07 12:00:00,16.9,11.0,1,33,45,165
901,2024-02-07 13:00:00,16.7,25.0,1,33,45,160
902,2024-02-07 14:00:00,14.9,25.0,1,33,44,137
903,2024-02-07 15:00:00,20.5,21.0,1,33,46,153
904,2024-02-07 16:00:00,15.6,0.0,1,32,48,175
905,2024-02-07 17:00:00,18.5,4.0,2,30,58,134
906,2024-02-07 18:00:00,20.0,7.0,2,29,67,126
907,2024-02-07 19:00:00,23.1,0.0,1,29,71,115
908,2024-02-07 20:00:00,20.3,1.0,1,28,71,109
909,2024-02-07 21:00:00,21.1,0.0,1,28,72,111
910,2024-02-07 22:00:00,20.9,11.03,1,27,75,111
911,2024-02-07 23:00:00,20.4,12.0,0,27,77,110
912,2024-02-08 00:00:00,20.8,1.0,0,27,79,105
913,2024-02-08 01:00:00,17.0,8.0,0,27,81,100
914,2024-02-08 02:00:00,16.2,4.0,1,26,82,95
915,2024-02-08 03:00:00,25.8,4.0,0,26,85,96
916,2024-02-08 04:00:00,27.2,2.0,0,26,85,94
917,2024-02-08 05:00:00,31.1,0.0,0,25,86,100
918,2024-02-08 06:00:00,29.7,1.0,0,25,87,100
919,2024-02-08 07:00:00,27.8,0.0,1,26,87,107
920,2024-02-08 08:00:00,37.5,0.0,1,28,75,102
921,2024-02-08 09:00:00,34.1,1.0,1,30,63,102
922,2024-02-08 10:00:00,22.6,1.0,1,32,55,118
923,2024-02-08 11:00:00,18.8,10.0,2,33,52,123
924,2024-02-08 12:00:00,15.3,19.0,1,34,44,141
925,2024-02-08 13:00:00,13.9,20.0,1,34,46,163
926,2024-02-08 14:00:00,11.4,20.0,1,33,46,152
927,2024-02-08 15:00:00,14.8,4.0,2,33,46,149
928,2024-02-08 16:00:00,15.2,13.0,2,32,52,137
929,2024-02-08 17:00:00,14.1,3.0,2,31,59,141
930,2024-02-08 18:00:00,18.2,7.0,1,29,67,137
931,2024-02-08 19:00:00,15.7,0.0,1,29,72,119
932,2024-02-08 20:00:00,16.4,1.0,1,28,74,114
933,2024-02-08 21:00:00,18.1,0.0,1,28,76,112
934,2024-02-08 22:00:00,18.9,3.0,1,28,77,109
935,2024-02-08 23:00:00,24.4,11.03,1,28,77,107
936,2024-02-09 00:00:00,20.9,10.0,0,27,76,103
937,2024-02-09 01:00:00,13.3,2.0,0,27,81,101
938,2024-02-09 02:00:00,18.8,3.0,0,27,83,104
939,2024-02-09 03:00:00,18.1,6.0,0,27,83,101
940,2024-02-09 04:00:00,24.1,1.0,0,26,84,103
941,2024-02-09 05:00:00,28.6,2.0,0,26,87,105
942,2024-02-09 06:00:00,31.8,0.0,0,26,87,100
943,2024-02-09 07:00:00,27.5,0.0,0,26,83,103
944,2024-02-09 08:00:00,31.5,1.0,1,29,72,115
945,2024-02-09 09:00:00,20.7,5.0,1,30,67,123
946,2024-02-09 10:00:00,24.7,6.0,1,31,63,133
947,2024-02-09 11:00:00,28.8,0.0,1,32,56,136
948,2024-02-09 12:00:00,27.4,3.0,1,33,51,137
949,2024-02-09 13:00:00,28.6,26.0,1,33,50,170
950,2024-02-09 14:00:00,28.5,17.0,1,33,50,200
951,2024-02-09 15:00:00,28.4,11.0,1,33,49,166
952,2024-02-09 16:00:00,18.18,21.0,1,32,53,154
953,2024-02-09 17:00:00,23.8,4.0,1,30,56,175
954,2024-02-09 18:00:00,18.1,21.0,1,29,64,131
955,2024-02-09 19:00:00,16.4,19.0,1,28,66,203
956,2024-02-09 20:00:00,19.2,1.0,1,28,67,172
957,2024-02-09 21:00:00,16.9,1.0,1,28,67,140
958,2024-02-09 22:00:00,18.3,7.0,1,28,69,119
959,2024-02-09 23:00:00,19.4,0.0,1,28,70,112
960,2024-02-10 00:00:00,16.2,11.03,1,27,70,105
961,2024-02-10 01:00:00,16.2,2.0,1,27,71,101
962,2024-02-10 02:00:00,15.1,11.0,0,26,73,95
963,2024-02-10 03:00:00,18.2,1.0,0,26,76,98
964,2024-02-10 04:00:00,18.5,3.0,0,26,79,97
965,2024-02-10 05:00:00,22.3,16.0,1,26,76,105
966,2024-02-10 06:00:00,21.4,5.0,0,25,84,103
967,2024-02-10 07:00:00,22.2,6.0,1,26,80,107
968,2024-02-10 08:00:00,25.1,1.0,1,28,70,105
969,2024-02-10 09:00:00,21.4,0.0,1,29,65,125
970,2024-02-10 10:00:00,24.8,11.0,1,31,58,159
971,2024-02-10 11:00:00,17.7,3.0,1,32,55,184
972,2024-02-10 12:00:00,15.6,0.0,1,32,52,231
973,2024-02-10 13:00:00,17.3,1.0,1,33,51,216
974,2024-02-10 14:00:00,14.9,5.0,1,33,50,220
975,2024-02-10 15:00:00,15.9,16.0,1,33,51,195
976,2024-02-10 16:00:00,17.6,9.0,1,32,54,203
977,2024-02-10 17:00:00,20.9,14.0,1,31,57,168
978,2024-02-10 18:00:00,17.0,25.0,1,29,64,200
979,2024-02-10 19:00:00,18.1,24.0,1,29,65,159
980,2024-02-10 20:00:00,26.2,0.0,1,29,65,132
981,2024-02-10 21:00:00,25.1,11.0,1,28,65,136
982,2024-02-10 22:00:00,24.6,2.0,1,28,67,106
983,2024-02-10 23:00:00,25.0,1.0,1,28,69,96
984,2024-02-11 00:00:00,22.7,0.0,1,28,71,110
985,2024-02-11 01:00:00,24.4,11.03,1,27,71,107
986,2024-02-11 02:00:00,22.5,0.0,1,28,68,121
987,2024-02-11 03:00:00,21.0,2.0,1,27,67,110
988,2024-02-11 04:00:00,18.9,24.0,1,27,72,92
989,2024-02-11 05:00:00,16.2,35.0,1,27,71,81
990,2024-02-11 06:00:00,15.4,36.0,1,27,71,85
991,2024-02-11 07:00:00,19.0,23.0,1,27,67,86
992,2024-02-11 08:00:00,22.2,10.0,1,28,64,121
993,2024-02-11 09:00:00,21.7,4.0,1,29,60,139
994,2024-02-11 10:00:00,25.1,4.0,0,30,56,222
995,2024-02-11 11:00:00,18.2,2.0,1,31,53,228
996,2024-02-11 12:00:00,18.2,1.0,2,32,48,239
997,2024-02-11 13:00:00,16.8,11.0,2,32,47,245
998,2024-02-11 14:00:00,17.7,21.0,2,32,46,238
999,2024-02-11 15:00:00,19.5,10.0,1,32,50,219
1000,2024-02-11 16:00:00,21.5,34.0,1,31,52,235
1001,2024-02-11 17:00:00,19.3,34.0,1,30,57,218
1002,2024-02-11 18:00:00,17.2,34.0,1,29,62,171
1003,2024-02-11 19:00:00,18.8,25.0,1,28,63,160
1004,2024-02-11 20:00:00,18.18,11.03,1,28,63,141
1005,2024-02-11 21:00:00,18.18,3.0,1,28,63,146
1006,2024-02-11 22:00:00,20.2,2.0,1,28,64,128
1007,2024-02-11 23:00:00,24.0,1.0,1,28,67,110
1008,2024-02-12 00:00:00,20.7,23.0,1,27,68,112
1009,2024-02-12 01:00:00,22.2,4.0,1,27,70,92
1010,2024-02-12 02:00:00,22.6,11.03,1,27,70,88
1011,2024-02-12 03:00:00,21.5,41.0,1,27,70,109
1012,2024-02-12 04:00:00,18.7,41.0,1,27,71,93
1013,2024-02-12 05:00:00,20.6,41.0,1,26,72,106
1014,2024-02-12 06:00:00,21.4,28.0,1,26,72,103
1015,2024-02-12 07:00:00,25.9,4.0,1,27,70,75
1016,2024-02-12 08:00:00,27.8,2.0,1,28,69,101
1017,2024-02-12 09:00:00,24.5,9.0,1,29,65,136
1018,2024-02-12 10:00:00,19.3,2.0,1,30,56,230
1019,2024-02-12 11:00:00,21.9,1.0,1,31,52,225
1020,2024-02-12 12:00:00,22.8,16.0,1,32,49,225
1021,2024-02-12 13:00:00,20.8,1.0,1,32,47,226
1022,2024-02-12 14:00:00,19.3,1.0,2,32,48,241
1023,2024-02-12 15:00:00,19.7,8.0,2,31,49,241
1024,2024-02-12 16:00:00,17.1,15.0,1,31,52,205
1025,2024-02-12 17:00:00,22.2,0.0,1,30,57,230
1026,2024-02-12 18:00:00,20.7,30.0,1,28,63,198
1027,2024-02-12 19:00:00,22.2,4.0,1,28,65,205
1028,2024-02-12 20:00:00,20.5,14.0,1,28,67,193
1029,2024-02-12 21:00:00,20.2,3.0,1,28,69,207
1030,2024-02-12 22:00:00,21.1,4.0,1,27,70,170
1031,2024-02-12 23:00:00,22.5,6.0,2,27,71,211
1032,2024-02-13 00:00:00,25.1,16.0,1,27,72,215
1033,2024-02-13 01:00:00,22.3,1.0,1,27,70,214
1034,2024-02-13 02:00:00,16.2,16.0,1,27,67,201
1035,2024-02-13 03:00:00,19.2,11.03,1,27,68,123
1036,2024-02-13 04:00:00,16.5,40.0,1,27,73,104
1037,2024-02-13 05:00:00,17.3,41.0,1,27,73,115
1038,2024-02-13 06:00:00,20.0,39.0,1,26,75,115
1039,2024-02-13 07:00:00,25.8,13.0,1,27,75,124
1040,2024-02-13 08:00:00,22.2,4.0,1,28,70,105
1041,2024-02-13 09:00:00,22.3,5.0,1,29,66,140
1042,2024-02-13 10:00:00,18.0,2.0,1,30,60,148
1043,2024-02-13 11:00:00,21.1,0.0,1,31,53,176
1044,2024-02-13 12:00:00,21.2,23.0,1,32,51,209
1045,2024-02-13 13:00:00,20.2,10.0,1,32,52,204
1046,2024-02-13 14:00:00,19.0,8.0,1,32,52,196
1047,2024-02-13 15:00:00,15.3,23.0,1,31,56,172
1048,2024-02-13 16:00:00,18.0,33.0,1,30,58,210
1049,2024-02-13 17:00:00,19.5,31.0,1,29,60,175
1050,2024-02-13 18:00:00,20.6,12.0,1,29,65,158
1051,2024-02-13 19:00:00,25.6,15.0,1,28,69,141
1052,2024-02-13 20:00:00,19.2,14.0,1,28,70,131
1053,2024-02-13 21:00:00,18.3,2.0,1,28,68,133
1054,2024-02-13 22:00:00,17.2,3.0,1,28,70,134
1055,2024-02-13 23:00:00,15.8,4.0,1,28,71,125
1056,2024-02-14 00:00:00,18.7,24.0,1,28,71,125
1057,2024-02-14 01:00:00,21.5,11.03,1,27,77,113
1058,2024-02-14 02:00:00,15.2,139.0,1,26,84,116
1059,2024-02-14 03:00:00,13.8,107.0,1,27,80,141
1060,2024-02-14 04:00:00,13.3,11.03,1,26,83,123
1061,2024-02-14 05:00:00,12.3,26.0,1,26,79,179
1062,2024-02-14 06:00:00,15.2,18.0,1,26,82,132
1063,2024-02-14 07:00:00,20.8,5.0,1,26,85,137
1064,2024-02-14 08:00:00,16.3,0.0,1,27,85,131
1065,2024-02-14 09:00:00,19.2,0.0,1,28,77,137
1066,2024-02-14 10:00:00,18.3,3.0,1,30,66,219
1067,2024-02-14 11:00:00,19.1,3.0,1,30,68,207
1068,2024-02-14 12:00:00,17.8,2.0,1,32,59,228
1069,2024-02-14 13:00:00,18.2,7.0,1,32,59,212
1070,2024-02-14 14:00:00,17.8,23.0,1,32,59,189
1071,2024-02-14 15:00:00,23.9,23.0,1,31,61,173
1072,2024-02-14 16:00:00,15.6,24.0,1,30,63,216
1073,2024-02-14 17:00:00,17.6,10.0,1,30,66,194
1074,2024-02-14 18:00:00,19.6,4.0,1,29,71,204
1075,2024-02-14 19:00:00,26.3,0.0,1,28,73,191
1076,2024-02-14 20:00:00,23.1,4.0,1,28,74,187
1077,2024-02-14 21:00:00,21.3,6.0,1,28,75,158
1078,2024-02-14 22:00:00,20.9,6.0,1,28,74,134
1079,2024-02-14 23:00:00,15.4,3.0,1,28,74,104
1080,2024-02-15 00:00:00,15.9,3.0,1,27,77,121
1081,2024-02-15 01:00:00,19.9,22.0,1,27,78,135
1082,2024-02-15 02:00:00,18.3,23.0,1,27,78,157
1083,2024-02-15 03:00:00,10.6,23.0,1,27,79,145
1084,2024-02-15 04:00:00,13.3,23.0,1,27,80,143
1085,2024-02-15 05:00:00,12.1,11.03,1,27,80,143
1086,2024-02-15 06:00:00,18.9,22.0,1,27,81,122
1087,2024-02-15 07:00:00,23.3,3.0,1,27,79,124
1088,2024-02-15 08:00:00,23.3,4.0,1,29,70,148
1089,2024-02-15 09:00:00,13.2,2.0,0,31,61,165
1090,2024-02-15 10:00:00,22.4,2.0,1,31,57,224
1091,2024-02-15 11:00:00,18.8,4.0,1,32,55,229
1092,2024-02-15 12:00:00,18.2,20.0,1,32,51,253
1093,2024-02-15 13:00:00,17.8,3.0,1,33,50,233
1094,2024-02-15 14:00:00,18.6,8.0,1,33,51,217
1095,2024-02-15 15:00:00,13.4,2.0,1,32,53,198
1096,2024-02-15 16:00:00,15.8,5.0,1,32,56,189
1097,2024-02-15 17:00:00,17.6,3.0,1,30,61,198
1098,2024-02-15 18:00:00,16.1,2.0,1,29,66,207
1099,2024-02-15 19:00:00,16.9,9.0,1,28,70,208
1100,2024-02-15 20:00:00,19.3,2.0,1,28,71,202
1101,2024-02-15 21:00:00,13.2,2.0,1,28,73,177
1102,2024-02-15 22:00:00,23.3,0.0,1,28,73,120
1103,2024-02-15 23:00:00,17.9,3.0,1,28,74,120
1104,2024-02-16 00:00:00,22.7,8.0,1,28,73,113
1105,2024-02-16 01:00:00,16.9,6.0,1,28,74,109
1106,2024-02-16 02:00:00,17.7,0.0,1,27,75,115
1107,2024-02-16 03:00:00,12.2,22.0,1,27,76,99
1108,2024-02-16 04:00:00,13.9,22.0,1,27,78,105
1109,2024-02-16 05:00:00,12.8,16.0,1,27,78,115
1110,2024-02-16 06:00:00,19.9,11.03,1,27,79,99
1111,2024-02-16 07:00:00,19.9,0.0,1,27,76,106
1112,2024-02-16 08:00:00,20.4,17.0,1,29,70,108
1113,2024-02-16 09:00:00,16.0,1.0,1,30,61,121
1114,2024-02-16 10:00:00,19.2,9.0,1,31,54,152
1115,2024-02-16 11:00:00,15.8,6.0,1,32,52,188
1116,2024-02-16 12:00:00,16.2,4.0,1,32,50,222
1117,2024-02-16 13:00:00,14.4,0.0,1,33,47,204
1118,2024-02-16 14:00:00,18.2,2.0,1,33,47,147
1119,2024-02-16 15:00:00,9.2,23.0,1,33,46,152
1120,2024-02-16 16:00:00,17.1,2.0,1,32,52,192
1121,2024-02-16 17:00:00,15.2,4.0,1,30,60,148
1122,2024-02-16 18:00:00,20.3,7.0,1,29,67,138
1123,2024-02-16 19:00:00,19.1,2.0,1,28,71,129
1124,2024-02-16 20:00:00,19.6,0.0,1,28,71,124
1125,2024-02-16 21:00:00,14.4,2.0,1,28,72,111
1126,2024-02-16 22:00:00,15.4,2.0,1,28,73,113
1127,2024-02-16 23:00:00,16.2,11.0,1,28,74,110
1128,2024-02-17 00:00:00,17.8,18.0,1,27,75,111
1129,2024-02-17 01:00:00,14.5,1.0,1,27,75,102
1130,2024-02-17 02:00:00,14.7,17.0,1,27,77,95
1131,2024-02-17 03:00:00,16.2,21.0,1,27,77,110
1132,2024-02-17 04:00:00,17.1,21.0,1,26,78,117
1133,2024-02-17 05:00:00,16.2,20.0,1,26,77,117
1134,2024-02-17 06:00:00,21.0,2.0,1,26,78,113
1135,2024-02-17 07:00:00,26.1,11.03,1,27,77,130
1136,2024-02-17 08:00:00,19.2,17.0,1,28,71,115
1137,2024-02-17 09:00:00,17.1,1.0,1,29,64,120
1138,2024-02-17 10:00:00,22.4,0.0,1,30,57,147
1139,2024-02-17 11:00:00,21.3,1.0,1,32,50,151
1140,2024-02-17 12:00:00,23.2,20.0,1,32,46,160
1141,2024-02-17 13:00:00,20.8,0.0,1,33,40,161
1142,2024-02-17 14:00:00,15.6,25.0,1,33,42,159
1143,2024-02-17 15:00:00,18.5,25.0,2,32,47,157
1144,2024-02-17 16:00:00,21.0,25.0,1,32,50,152
1145,2024-02-17 17:00:00,17.2,23.0,1,30,55,155
1146,2024-02-17 18:00:00,15.3,21.0,1,29,64,180
1147,2024-02-17 19:00:00,18.5,21.0,1,28,68,165
1148,2024-02-17 20:00:00,19.2,22.0,1,28,70,137
1149,2024-02-17 21:00:00,15.7,22.0,1,28,69,123
1150,2024-02-17 22:00:00,22.6,18.0,1,28,69,112
1151,2024-02-17 23:00:00,17.1,15.0,1,28,70,106
1152,2024-02-18 00:00:00,17.1,13.0,1,27,71,103
1153,2024-02-18 01:00:00,14.6,20.0,1,27,72,110
1154,2024-02-18 02:00:00,16.3,20.0,1,27,75,107
1155,2024-02-18 03:00:00,16.7,21.0,1,27,76,109
1156,2024-02-18 04:00:00,14.6,20.0,1,27,75,112
1157,2024-02-18 05:00:00,17.0,19.0,0,26,77,107
1158,2024-02-18 06:00:00,23.8,19.0,1,26,76,112
1159,2024-02-18 07:00:00,23.6,19.0,1,27,75,114
1160,2024-02-18 08:00:00,22.2,11.03,1,29,68,120
1161,2024-02-18 09:00:00,18.18,24.0,1,30,61,121
1162,2024-02-18 10:00:00,18.18,23.0,1,31,57,126
1163,2024-02-18 11:00:00,17.9,23.0,1,32,53,159
1164,2024-02-18 12:00:00,18.6,23.0,1,32,54,202
1165,2024-02-18 13:00:00,17.3,23.0,1,32,55,218
1166,2024-02-18 14:00:00,17.2,22.0,1,32,58,199
1167,2024-02-18 15:00:00,14.8,19.0,1,31,60,180
1168,2024-02-18 16:00:00,16.0,19.0,1,30,65,160
1169,2024-02-18 17:00:00,18.0,18.0,1,29,68,131
1170,2024-02-18 18:00:00,21.0,18.0,1,29,69,120
1171,2024-02-18 19:00:00,22.7,17.0,1,27,81,116
1172,2024-02-18 20:00:00,21.5,12.0,1,27,86,111
1173,2024-02-18 21:00:00,27.0,16.0,0,27,82,106
1174,2024-02-18 22:00:00,24.7,28.0,1,28,78,105
1175,2024-02-18 23:00:00,14.2,23.0,1,28,77,107
1176,2024-02-19 00:00:00,14.4,18.0,1,28,76,108
1177,2024-02-19 01:00:00,17.5,17.0,1,28,76,106
1178,2024-02-19 02:00:00,14.0,18.0,0,28,76,104
1179,2024-02-19 03:00:00,13.6,18.0,1,28,74,96
1180,2024-02-19 04:00:00,14.4,17.0,1,27,78,94
1181,2024-02-19 05:00:00,13.2,18.0,1,27,78,102
1182,2024-02-19 06:00:00,13.5,15.0,0,27,78,102
1183,2024-02-19 07:00:00,19.7,14.0,1,28,76,96
1184,2024-02-19 08:00:00,19.0,18.0,1,29,71,112
1185,2024-02-19 09:00:00,10.2,11.03,1,31,61,115
1186,2024-02-19 10:00:00,13.5,22.0,1,31,57,136
1187,2024-02-19 11:00:00,14.4,22.0,1,32,55,147
1188,2024-02-19 12:00:00,14.7,24.0,2,32,55,139
1189,2024-02-19 13:00:00,10.6,23.0,1,33,52,155
1190,2024-02-19 14:00:00,11.9,20.0,1,33,57,169
1191,2024-02-19 15:00:00,9.8,19.0,1,31,60,157
1192,2024-02-19 16:00:00,8.5,18.0,1,31,60,177
1193,2024-02-19 17:00:00,12.7,15.0,1,30,65,144
1194,2024-02-19 18:00:00,14.1,18.0,1,29,69,126
1195,2024-02-19 19:00:00,20.0,17.0,1,29,74,119
1196,2024-02-19 20:00:00,18.8,17.0,1,28,77,110
1197,2024-02-19 21:00:00,19.8,26.0,1,28,78,112
1198,2024-02-19 22:00:00,23.5,26.0,1,28,78,115
1199,2024-02-19 23:00:00,13.0,15.0,1,28,78,117
1200,2024-02-20 00:00:00,11.3,15.0,1,28,78,111
1201,2024-02-20 01:00:00,15.2,9.0,0,27,83,111
1202,2024-02-20 02:00:00,19.2,7.0,0,27,85,107
1203,2024-02-20 03:00:00,11.8,8.0,0,27,87,107
1204,2024-02-20 04:00:00,14.3,7.0,0,27,87,107
1205,2024-02-20 05:00:00,18.9,4.0,0,26,88,106
1206,2024-02-20 06:00:00,26.2,3.0,0,26,89,106
1207,2024-02-20 07:00:00,28.9,6.0,0,27,85,105
1208,2024-02-20 08:00:00,31.4,18.0,1,29,69,112
1209,2024-02-20 09:00:00,19.0,25.0,1,31,62,93
1210,2024-02-20 10:00:00,15.7,11.03,1,32,56,104
1211,2024-02-20 11:00:00,17.8,19.0,1,34,48,127
1212,2024-02-20 12:00:00,14.5,19.0,1,34,47,167
1213,2024-02-20 13:00:00,13.5,19.0,1,34,48,170
1214,2024-02-20 14:00:00,9.8,19.0,1,34,46,151
1215,2024-02-20 15:00:00,10.7,20.0,1,33,52,194
1216,2024-02-20 16:00:00,14.7,18.0,1,32,59,175
1217,2024-02-20 17:00:00,13.1,16.0,1,30,65,140
1218,2024-02-20 18:00:00,19.0,17.0,1,29,70,129
1219,2024-02-20 19:00:00,18.3,16.0,1,29,72,115
1220,2024-02-20 20:00:00,13.1,18.0,2,29,73,116
1221,2024-02-20 21:00:00,10.9,27.0,1,28,73,110
1222,2024-02-20 22:00:00,10.3,27.0,1,28,75,108
1223,2024-02-20 23:00:00,11.5,21.0,1,28,77,108
1224,2024-02-21 00:00:00,12.6,13.0,0,28,80,106
1225,2024-02-21 01:00:00,20.4,9.0,0,27,82,105
1226,2024-02-21 02:00:00,19.8,9.0,0,27,84,105
1227,2024-02-21 03:00:00,12.3,6.0,1,27,84,95
1228,2024-02-21 04:00:00,13.9,5.0,0,26,87,109
1229,2024-02-21 05:00:00,20.6,4.0,0,26,89,109
1230,2024-02-21 06:00:00,25.7,2.0,0,26,89,112
1231,2024-02-21 07:00:00,21.8,7.0,0,26,87,109
1232,2024-02-21 08:00:00,24.0,16.0,1,28,72,108
1233,2024-02-21 09:00:00,17.7,23.0,1,30,62,102
1234,2024-02-21 10:00:00,12.8,31.0,1,32,54,118
1235,2024-02-21 11:00:00,10.2,11.03,1,33,47,130
1236,2024-02-21 12:00:00,9.2,22.0,1,34,45,127
1237,2024-02-21 13:00:00,9.5,23.0,1,34,44,142
1238,2024-02-21 14:00:00,8.4,28.0,2,34,43,147
1239,2024-02-21 15:00:00,13.6,30.0,1,34,45,155
1240,2024-02-21 16:00:00,17.9,28.0,1,33,52,174
1241,2024-02-21 17:00:00,14.0,25.0,2,31,57,151
1242,2024-02-21 18:00:00,16.1,22.0,1,30,66,138
1243,2024-02-21 19:00:00,19.4,19.0,1,29,71,120
1244,2024-02-21 20:00:00,14.4,20.0,1,28,73,116
1245,2024-02-21 21:00:00,18.2,30.0,1,28,74,113
1246,2024-02-21 22:00:00,16.4,29.0,1,28,75,109
1247,2024-02-21 23:00:00,11.4,20.0,1,28,76,107
1248,2024-02-22 00:00:00,17.5,19.0,1,28,76,106
1249,2024-02-22 01:00:00,17.0,17.0,1,27,78,108
1250,2024-02-22 02:00:00,15.6,14.0,0,27,81,106
1251,2024-02-22 03:00:00,13.4,12.0,0,26,83,114
1252,2024-02-22 04:00:00,11.8,7.0,0,26,86,109
1253,2024-02-22 05:00:00,20.1,11.0,1,26,83,101
1254,2024-02-22 06:00:00,20.5,3.0,0,26,85,105
1255,2024-02-22 07:00:00,25.9,4.0,1,26,84,103
1256,2024-02-22 08:00:00,25.4,21.0,1,29,69,118
1257,2024-02-22 09:00:00,15.2,25.0,1,31,60,108
1258,2024-02-22 10:00:00,12.9,27.0,1,31,56,134
1259,2024-02-22 11:00:00,13.2,27.0,1,33,51,136
1260,2024-02-22 12:00:00,10.0,11.03,1,33,48,138
1261,2024-02-22 13:00:00,11.2,24.0,1,33,46,144
1262,2024-02-22 14:00:00,8.5,24.0,1,33,45,170
1263,2024-02-22 15:00:00,8.6,22.0,1,33,45,156
1264,2024-02-22 16:00:00,7.9,22.0,2,33,49,138
1265,2024-02-22 17:00:00,9.7,21.0,1,31,55,156
1266,2024-02-22 18:00:00,10.3,20.0,1,29,64,157
1267,2024-02-22 19:00:00,11.2,19.0,1,29,68,118
1268,2024-02-22 20:00:00,12.0,21.0,2,28,69,118
1269,2024-02-22 21:00:00,12.5,22.0,1,28,70,110
1270,2024-02-22 22:00:00,9.8,28.0,1,28,72,109
1271,2024-02-22 23:00:00,9.3,20.0,1,28,74,107
1272,2024-02-23 00:00:00,10.5,15.0,1,27,76,106
1273,2024-02-23 01:00:00,12.6,10.0,1,27,79,107
1274,2024-02-23 02:00:00,16.2,10.0,1,26,82,106
1275,2024-02-23 03:00:00,14.8,9.0,0,26,84,105
1276,2024-02-23 04:00:00,16.9,8.0,0,26,85,105
1277,2024-02-23 05:00:00,16.1,5.0,1,25,87,106
1278,2024-02-23 06:00:00,21.7,2.0,0,25,88,105
1279,2024-02-23 07:00:00,23.0,5.0,0,26,83,102
1280,2024-02-23 08:00:00,18.18,11.03,1,28,71,113
1281,2024-02-23 09:00:00,18.18,11.03,1,30,63,131
1282,2024-02-23 10:00:00,12.1,11.03,1,31,56,159
1283,2024-02-23 11:00:00,10.1,11.03,1,32,52,164
1284,2024-02-23 12:00:00,7.3,11.03,1,32,50,171
1285,2024-02-23 13:00:00,6.9,11.03,1,33,49,176
1286,2024-02-23 14:00:00,5.3,11.03,1,33,48,175
1287,2024-02-23 15:00:00,5.6,11.03,1,33,50,185
1288,2024-02-23 16:00:00,8.6,11.03,1,32,52,192
1289,2024-02-23 17:00:00,10.0,11.03,1,31,53,189
1290,2024-02-23 18:00:00,12.1,11.03,1,30,62,136
1291,2024-02-23 19:00:00,10.4,11.03,1,29,68,131
1292,2024-02-23 20:00:00,15.6,11.03,1,28,71,112
1293,2024-02-23 21:00:00,18.3,11.03,1,28,73,113
1294,2024-02-23 22:00:00,12.4,11.03,1,28,75,111
1295,2024-02-23 23:00:00,10.2,11.03,1,28,75,115
1296,2024-02-24 00:00:00,12.6,11.03,1,27,76,109
1297,2024-02-24 01:00:00,10.0,11.03,1,27,75,117
1298,2024-02-24 02:00:00,11.4,11.03,1,27,73,119
1299,2024-02-24 03:00:00,7.2,11.03,1,27,76,110
1300,2024-02-24 04:00:00,8.8,11.03,1,27,77,106
1301,2024-02-24 05:00:00,11.1,11.03,1,27,76,103
1302,2024-02-24 06:00:00,18.9,11.03,1,26,78,103
1303,2024-02-24 07:00:00,15.0,11.03,1,27,75,92
1304,2024-02-24 08:00:00,10.3,11.03,1,29,67,115
1305,2024-02-24 09:00:00,13.7,11.03,1,31,58,115
1306,2024-02-24 10:00:00,11.7,11.03,1,31,54,125
1307,2024-02-24 11:00:00,10.2,11.03,1,32,47,161
1308,2024-02-24 12:00:00,8.2,11.03,1,33,47,139
1309,2024-02-24 13:00:00,9.2,11.03,1,33,46,152
1310,2024-02-24 14:00:00,6.8,11.03,1,33,48,149
1311,2024-02-24 15:00:00,6.4,11.03,1,33,48,166
1312,2024-02-24 16:00:00,12.4,11.03,1,32,51,159
1313,2024-02-24 17:00:00,10.9,11.03,1,31,54,179
1314,2024-02-24 18:00:00,14.0,11.03,1,30,61,190
1315,2024-02-24 19:00:00,17.5,11.03,1,29,68,154
1316,2024-02-24 20:00:00,16.1,11.03,2,28,69,132
1317,2024-02-24 21:00:00,12.7,11.03,1,28,71,121
1318,2024-02-24 22:00:00,11.1,11.03,2,28,74,118
1319,2024-02-24 23:00:00,17.0,11.03,1,28,72,114
1320,2024-02-25 00:00:00,13.3,11.03,1,28,72,123
1321,2024-02-25 01:00:00,10.5,11.03,1,27,73,135
1322,2024-02-25 02:00:00,10.8,11.03,1,27,74,144
1323,2024-02-25 03:00:00,7.1,11.03,1,27,75,92
1324,2024-02-25 04:00:00,10.0,11.03,1,26,77,97
1325,2024-02-25 05:00:00,13.3,11.03,1,26,77,100
1326,2024-02-25 06:00:00,16.3,11.03,1,26,78,97
1327,2024-02-25 07:00:00,13.2,11.03,1,27,75,100
1328,2024-02-25 08:00:00,13.7,11.03,1,29,65,92
1329,2024-02-25 09:00:00,10.5,11.03,1,31,59,111
1330,2024-02-25 10:00:00,12.4,11.03,1,32,54,135
1331,2024-02-25 11:00:00,17.8,11.03,1,33,48,138
1332,2024-02-25 12:00:00,15.7,11.03,1,34,44,185
1333,2024-02-25 13:00:00,12.0,11.03,1,33,51,172
1334,2024-02-25 14:00:00,13.6,11.03,1,33,52,159
1335,2024-02-25 15:00:00,17.5,11.03,1,33,54,155
1336,2024-02-25 16:00:00,20.0,11.03,2,32,58,153
1337,2024-02-25 17:00:00,20.4,11.03,2,31,61,156
1338,2024-02-25 18:00:00,22.6,11.03,1,29,67,144
1339,2024-02-25 19:00:00,26.2,11.03,2,29,69,126
1340,2024-02-25 20:00:00,25.4,11.03,1,29,72,185
1341,2024-02-25 21:00:00,19.1,11.03,1,28,72,142
1342,2024-02-25 22:00:00,21.2,11.03,1,28,68,140
1343,2024-02-25 23:00:00,17.7,11.03,1,28,70,113
1344,2024-02-26 00:00:00,18.1,11.03,1,28,72,120
1345,2024-02-26 01:00:00,15.2,11.03,1,28,74,124
1346,2024-02-26 02:00:00,14.8,11.03,1,27,74,125
1347,2024-02-26 03:00:00,12.9,11.03,1,27,74,122
1348,2024-02-26 04:00:00,17.3,11.03,1,27,75,123
1349,2024-02-26 05:00:00,15.6,11.03,1,27,75,122
1350,2024-02-26 06:00:00,27.4,11.03,1,27,76,115
1351,2024-02-26 07:00:00,27.3,11.03,1,28,73,121
1352,2024-02-26 08:00:00,19.2,11.03,1,29,68,117
1353,2024-02-26 09:00:00,22.5,11.03,1,30,63,135
1354,2024-02-26 10:00:00,22.4,11.03,1,32,55,200
1355,2024-02-26 11:00:00,18.9,11.03,1,32,52,158
1356,2024-02-26 12:00:00,20.0,11.03,1,33,49,221
1357,2024-02-26 13:00:00,18.3,11.03,1,33,45,171
1358,2024-02-26 14:00:00,17.8,11.03,1,33,47,201
1359,2024-02-26 15:00:00,19.8,11.03,1,33,51,153
1360,2024-02-26 16:00:00,18.3,11.03,1,32,54,163
1361,2024-02-26 17:00:00,16.8,11.03,1,31,56,187
1362,2024-02-26 18:00:00,22.9,11.03,1,30,63,158
1363,2024-02-26 19:00:00,19.8,11.03,1,29,69,170
1364,2024-02-26 20:00:00,20.2,11.03,1,29,72,191
1365,2024-02-26 21:00:00,16.0,11.03,1,28,72,139
1366,2024-02-26 22:00:00,18.7,11.03,1,28,72,119
1367,2024-02-26 23:00:00,16.6,11.03,1,28,72,116
1368,2024-02-27 00:00:00,14.1,11.03,1,28,72,102
1369,2024-02-27 01:00:00,17.2,11.03,1,28,73,96
1370,2024-02-27 02:00:00,11.5,11.03,1,28,74,114
1371,2024-02-27 03:00:00,9.7,11.03,1,27,75,94
1372,2024-02-27 04:00:00,12.4,11.03,1,27,77,95
1373,2024-02-27 05:00:00,18.8,11.03,1,27,77,114
1374,2024-02-27 06:00:00,24.7,11.03,1,27,77,103
1375,2024-02-27 07:00:00,17.7,11.03,1,27,75,108
1376,2024-02-27 08:00:00,20.6,11.03,1,29,67,96
1377,2024-02-27 09:00:00,18.4,11.03,1,30,62,119
1378,2024-02-27 10:00:00,18.18,0.0,1,32,52,162
1379,2024-02-27 11:00:00,18.18,5.0,1,32,51,149
1380,2024-02-27 12:00:00,15.3,13.0,1,33,49,188
1381,2024-02-27 13:00:00,12.3,2.0,1,33,48,168
1382,2024-02-27 14:00:00,10.2,21.0,1,33,49,186
1383,2024-02-27 15:00:00,18.1,23.0,1,32,51,190
1384,2024-02-27 16:00:00,13.5,0.0,1,32,56,181
1385,2024-02-27 17:00:00,12.1,11.03,1,30,61,197
1386,2024-02-27 18:00:00,15.3,3.0,1,29,66,178
1387,2024-02-27 19:00:00,21.7,9.0,1,29,67,162
1388,2024-02-27 20:00:00,17.5,1.0,1,29,68,134
1389,2024-02-27 21:00:00,21.1,0.0,1,29,69,140
1390,2024-02-27 22:00:00,23.2,0.0,1,29,70,111
1391,2024-02-27 23:00:00,16.2,8.0,1,28,71,120
1392,2024-02-28 00:00:00,18.3,9.0,1,28,72,119
1393,2024-02-28 01:00:00,14.5,19.0,1,28,74,140
1394,2024-02-28 02:00:00,12.4,20.0,1,28,74,117
1395,2024-02-28 03:00:00,11.7,21.0,1,28,74,115
1396,2024-02-28 04:00:00,17.8,17.0,1,27,74,108
1397,2024-02-28 05:00:00,18.0,0.0,1,27,75,83
1398,2024-02-28 06:00:00,18.9,0.0,1,27,76,96
1399,2024-02-28 07:00:00,19.8,6.0,1,28,73,85
1400,2024-02-28 08:00:00,19.0,2.0,1,29,67,117
1401,2024-02-28 09:00:00,18.9,0.0,1,31,58,124
1402,2024-02-28 10:00:00,18.0,3.0,1,32,52,181
1403,2024-02-28 11:00:00,16.1,1.0,1,33,50,204
1404,2024-02-28 12:00:00,13.2,13.0,1,33,48,189
1405,2024-02-28 13:00:00,15.1,10.0,1,34,47,194
1406,2024-02-28 14:00:00,14.3,4.0,1,33,50,188
1407,2024-02-28 15:00:00,16.3,18.0,1,33,52,198
1408,2024-02-28 16:00:00,16.0,5.0,1,32,53,179
1409,2024-02-28 17:00:00,23.1,0.0,1,31,57,209
1410,2024-02-28 18:00:00,27.7,11.03,1,29,61,216
1411,2024-02-28 19:00:00,23.6,0.0,1,29,64,184
1412,2024-02-28 20:00:00,25.2,0.0,1,29,64,183
1413,2024-02-28 21:00:00,23.2,1.0,1,29,64,159
1414,2024-02-28 22:00:00,24.7,3.0,1,28,65,134
1415,2024-02-28 23:00:00,19.8,6.0,1,28,65,94
1416,2024-02-29 00:00:00,18.5,3.0,1,28,66,91
1417,2024-02-29 01:00:00,16.1,24.0,1,27,68,96
1418,2024-02-29 02:00:00,16.0,24.0,1,27,68,108
1419,2024-02-29 03:00:00,15.4,26.0,1,27,68,98
1420,2024-02-29 04:00:00,17.8,19.0,1,27,70,100
1421,2024-02-29 05:00:00,22.5,3.0,1,26,71,106
1422,2024-02-29 06:00:00,21.9,12.0,1,26,73,111
1423,2024-02-29 07:00:00,23.2,2.0,1,26,74,109
1424,2024-02-29 08:00:00,24.5,2.0,1,29,64,114
1425,2024-02-29 09:00:00,21.1,1.0,1,30,58,116
1426,2024-02-29 10:00:00,20.2,0.0,1,32,51,117
1427,2024-02-29 11:00:00,15.8,2.0,1,33,44,122
1428,2024-02-29 12:00:00,13.9,14.0,1,33,43,146
1429,2024-02-29 13:00:00,13.8,2.0,1,33,44,150
1430,2024-02-29 14:00:00,13.6,22.0,1,33,45,156
1431,2024-02-29 15:00:00,14.9,2.0,1,33,44,144
1432,2024-02-29 16:00:00,17.0,24.0,2,33,45,144
1433,2024-02-29 17:00:00,17.4,1.0,1,32,55,145
1434,2024-02-29 18:00:00,18.5,4.0,1,30,65,132
1435,2024-02-29 19:00:00,23.4,11.03,1,29,70,116
1436,2024-02-29 20:00:00,21.8,0.0,1,29,71,151
1437,2024-02-29 21:00:00,25.1,0.0,1,28,71,143
1438,2024-02-29 22:00:00,19.5,1.0,1,28,71,120
1439,2024-02-29 23:00:00,18.4,4.0,1,28,72,110
1440,2024-03-01 00:00:00,20.5,5.0,1,28,72,111
1441,2024-03-01 01:00:00,22.7,17.0,1,28,74,108
1442,2024-03-01 02:00:00,19.6,18.0,2,28,77,117
1443,2024-03-01 03:00:00,15.4,19.0,1,27,78,112
1444,2024-03-01 04:00:00,19.4,9.0,1,27,78,103
1445,2024-03-01 05:00:00,26.0,1.0,1,27,80,98
1446,2024-03-01 06:00:00,22.6,1.0,1,27,80,98
1447,2024-03-01 07:00:00,19.8,0.0,1,28,76,106
1448,2024-03-01 08:00:00,23.5,0.0,1,30,70,115
1449,2024-03-01 09:00:00,20.4,0.0,1,30,66,127
1450,2024-03-01 10:00:00,21.3,3.0,1,32,61,143
1451,2024-03-01 11:00:00,16.3,1.0,1,33,54,187
1452,2024-03-01 12:00:00,13.4,12.0,1,33,55,185
1453,2024-03-01 13:00:00,13.5,22.0,1,33,52,187
1454,2024-03-01 14:00:00,11.2,19.0,1,33,50,196
1455,2024-03-01 15:00:00,14.0,0.0,1,33,51,191
1456,2024-03-01 16:00:00,17.7,20.0,1,32,53,167
1457,2024-03-01 17:00:00,16.7,9.0,1,31,60,172
1458,2024-03-01 18:00:00,17.7,0.0,2,30,66,129
1459,2024-03-01 19:00:00,21.6,1.0,1,29,69,128
1460,2024-03-01 20:00:00,21.2,11.03,1,29,69,118
1461,2024-03-01 21:00:00,25.7,0.0,1,28,70,122
1462,2024-03-01 22:00:00,24.1,2.0,1,28,72,111
1463,2024-03-01 23:00:00,27.2,14.0,1,28,73,115
1464,2024-03-02 00:00:00,23.5,7.0,1,28,74,125
1465,2024-03-02 01:00:00,24.2,11.0,1,28,72,137
1466,2024-03-02 02:00:00,17.6,24.0,1,28,72,125
1467,2024-03-02 03:00:00,15.2,21.0,1,28,74,121
1468,2024-03-02 04:00:00,16.5,17.0,1,27,76,111
1469,2024-03-02 05:00:00,22.6,0.0,1,28,76,117
1470,2024-03-02 06:00:00,22.8,14.0,1,27,76,107
1471,2024-03-02 07:00:00,21.0,3.0,1,28,76,108
1472,2024-03-02 08:00:00,21.1,0.0,1,29,73,108
1473,2024-03-02 09:00:00,18.6,2.0,1,30,71,116
1474,2024-03-02 10:00:00,18.5,4.0,1,31,61,122
1475,2024-03-02 11:00:00,23.0,0.0,1,32,57,141
1476,2024-03-02 12:00:00,16.9,2.0,1,33,55,170
1477,2024-03-02 13:00:00,19.5,4.0,1,33,55,172
1478,2024-03-02 14:00:00,14.8,19.0,1,32,58,163
1479,2024-03-02 15:00:00,12.7,18.0,1,31,60,176
1480,2024-03-02 16:00:00,17.4,0.0,1,31,61,169
1481,2024-03-02 17:00:00,20.2,6.0,1,30,66,179
1482,2024-03-02 18:00:00,21.1,1.0,1,29,69,155
1483,2024-03-02 19:00:00,25.7,1.0,1,29,72,144
1484,2024-03-02 20:00:00,22.8,0.0,1,29,72,123
1485,2024-03-02 21:00:00,22.8,11.03,1,29,72,105
1486,2024-03-02 22:00:00,21.5,8.0,1,29,70,103
1487,2024-03-02 23:00:00,18.2,1.0,1,29,70,109
1488,2024-03-03 00:00:00,17.5,3.0,1,28,73,111
1489,2024-03-03 01:00:00,16.3,17.0,1,28,75,105
1490,2024-03-03 02:00:00,17.1,19.0,1,28,76,111
1491,2024-03-03 03:00:00,17.1,20.0,1,28,76,112
1492,2024-03-03 04:00:00,15.9,20.0,1,28,78,106
1493,2024-03-03 05:00:00,21.9,29.0,1,27,79,109
1494,2024-03-03 06:00:00,19.8,21.0,1,27,80,90
1495,2024-03-03 07:00:00,20.1,19.0,1,28,76,94
1496,2024-03-03 08:00:00,18.1,18.0,1,29,69,102
1497,2024-03-03 09:00:00,16.8,16.0,1,31,61,109
1498,2024-03-03 10:00:00,18.3,13.0,1,32,57,173
1499,2024-03-03 11:00:00,15.8,22.0,1,33,54,145
1500,2024-03-03 12:00:00,14.8,13.0,1,33,51,191
1501,2024-03-03 13:00:00,16.0,13.0,1,33,52,187
1502,2024-03-03 14:00:00,14.5,22.0,1,33,53,194
1503,2024-03-03 15:00:00,15.6,24.0,1,33,50,227
1504,2024-03-03 16:00:00,20.3,25.0,2,32,45,216
1505,2024-03-03 17:00:00,19.0,22.0,1,31,55,186
1506,2024-03-03 18:00:00,18.0,21.0,1,29,62,169
1507,2024-03-03 19:00:00,20.5,22.0,1,29,66,141
1508,2024-03-03 20:00:00,21.6,21.0,1,29,68,126
1509,2024-03-03 21:00:00,18.2,21.0,1,29,69,125
1510,2024-03-03 22:00:00,16.4,11.03,1,28,69,122
1511,2024-03-03 23:00:00,22.6,19.0,1,28,70,105
1512,2024-03-04 00:00:00,17.1,19.0,1,28,73,98
1513,2024-03-04 01:00:00,17.4,20.0,1,28,73,119
1514,2024-03-04 02:00:00,12.4,20.0,1,28,74,112
1515,2024-03-04 03:00:00,12.9,20.0,1,27,76,113
1516,2024-03-04 04:00:00,20.6,19.0,1,27,77,110
1517,2024-03-04 05:00:00,24.1,18.0,1,27,78,113
1518,2024-03-04 06:00:00,24.0,13.0,1,27,81,109
1519,2024-03-04 07:00:00,22.9,21.0,1,28,75,107
1520,2024-03-04 08:00:00,19.4,25.0,2,29,68,115
1521,2024-03-04 09:00:00,22.1,27.0,1,31,63,111
1522,2024-03-04 10:00:00,19.2,28.0,1,32,56,115
1523,2024-03-04 11:00:00,20.7,29.0,1,33,52,138
1524,2024-03-04 12:00:00,20.4,24.0,1,33,50,151
1525,2024-03-04 13:00:00,14.7,13.0,1,33,50,154
1526,2024-03-04 14:00:00,18.7,30.0,2,33,51,141
1527,2024-03-04 15:00:00,16.2,30.0,1,33,53,169
1528,2024-03-04 16:00:00,18.5,26.0,1,32,55,181
1529,2024-03-04 17:00:00,18.2,25.0,1,31,59,150
1530,2024-03-04 18:00:00,15.9,18.0,1,30,66,121
1531,2024-03-04 19:00:00,17.5,27.0,2,29,70,116
1532,2024-03-04 20:00:00,23.9,27.0,2,29,73,115
1533,2024-03-04 21:00:00,20.4,29.0,2,28,75,113
1534,2024-03-04 22:00:00,19.5,24.0,1,28,77,110
1535,2024-03-04 23:00:00,20.1,11.03,1,28,77,110
1536,2024-03-05 00:00:00,21.5,19.0,1,28,76,110
1537,2024-03-05 01:00:00,16.4,15.0,1,27,80,110
1538,2024-03-05 02:00:00,20.3,13.0,1,27,83,107
1539,2024-03-05 03:00:00,17.3,9.0,1,27,85,107
1540,2024-03-05 04:00:00,20.1,8.0,0,26,86,107
1541,2024-03-05 05:00:00,27.2,10.0,0,26,86,106
1542,2024-03-05 06:00:00,18.18,6.0,0,26,34,104
1543,2024-03-05 07:00:00,18.18,1.0,1,26,0,106
1544,2024-03-05 08:00:00,18.18,0.0,1,26,0,107
1545,2024-03-05 09:00:00,18.18,5.0,1,26,15,110
1546,2024-03-05 10:00:00,18.18,1.0,2,32,59,123
1547,2024-03-05 11:00:00,24.0,0.0,2,33,55,123
1548,2024-03-05 12:00:00,23.1,1.0,2,34,50,130
1549,2024-03-05 13:00:00,21.0,21.0,2,34,48,139
1550,2024-03-05 14:00:00,22.5,2.0,2,35,43,139
1551,2024-03-05 15:00:00,19.2,14.0,2,34,49,145
1552,2024-03-05 16:00:00,21.7,8.0,2,33,52,146
1553,2024-03-05 17:00:00,24.6,5.0,2,32,59,138
1554,2024-03-05 18:00:00,20.8,12.0,2,30,64,128
1555,2024-03-05 19:00:00,23.3,5.0,1,29,69,116
1556,2024-03-05 20:00:00,29.5,7.0,1,29,72,111
1557,2024-03-05 21:00:00,28.5,1.0,1,29,73,108
1558,2024-03-05 22:00:00,23.8,5.0,0,28,74,105
1559,2024-03-05 23:00:00,23.1,1.0,1,28,77,88
1560,2024-03-06 00:00:00,22.2,11.03,0,28,78,98
1561,2024-03-06 01:00:00,22.5,2.0,1,27,80,93
1562,2024-03-06 02:00:00,25.1,4.0,2,27,82,88
1563,2024-03-06 03:00:00,20.4,0.0,1,26,84,93
1564,2024-03-06 04:00:00,30.2,4.0,0,26,85,102
1565,2024-03-06 05:00:00,23.1,1.0,1,26,85,96
1566,2024-03-06 06:00:00,33.0,2.0,1,26,87,89
1567,2024-03-06 07:00:00,30.3,1.0,1,26,85,100
1568,2024-03-06 08:00:00,38.1,3.0,1,28,75,93
1569,2024-03-06 09:00:00,36.9,3.0,1,30,65,91
1570,2024-03-06 10:00:00,35.3,6.0,2,32,58,84
1571,2024-03-06 11:00:00,23.4,3.0,2,34,51,90
1572,2024-03-06 12:00:00,23.5,3.0,2,35,46,121
1573,2024-03-06 13:00:00,23.5,4.0,3,35,48,134
1574,2024-03-06 14:00:00,21.0,1.0,3,35,47,139
1575,2024-03-06 15:00:00,23.8,4.0,2,35,48,145
1576,2024-03-06 16:00:00,17.6,18.0,3,34,53,141
1577,2024-03-06 17:00:00,16.7,13.0,2,33,55,129
1578,2024-03-06 18:00:00,20.6,27.0,2,31,57,120
1579,2024-03-06 19:00:00,25.4,10.0,2,30,63,118
1580,2024-03-06 20:00:00,24.6,1.0,1,30,68,107
1581,2024-03-06 21:00:00,19.5,9.0,1,29,69,103
1582,2024-03-06 22:00:00,20.1,2.0,1,29,74,94
1583,2024-03-06 23:00:00,16.7,1.0,1,28,76,93
1584,2024-03-07 00:00:00,21.8,0.0,0,28,80,104
1585,2024-03-07 01:00:00,21.4,11.03,1,27,82,103
1586,2024-03-07 02:00:00,17.0,3.0,1,27,84,100
1587,2024-03-07 03:00:00,28.3,3.0,1,26,86,104
1588,2024-03-07 04:00:00,21.4,8.0,1,26,86,97
1589,2024-03-07 05:00:00,17.2,7.0,1,26,86,102
1590,2024-03-07 06:00:00,13.7,2.0,0,26,88,104
1591,2024-03-07 07:00:00,31.1,1.0,1,26,85,95
1592,2024-03-07 08:00:00,33.2,5.0,1,29,74,99
1593,2024-03-07 09:00:00,32.1,6.0,1,31,65,116
1594,2024-03-07 10:00:00,28.2,12.0,2,32,58,116
1595,2024-03-07 11:00:00,28.8,3.0,2,34,49,120
1596,2024-03-07 12:00:00,21.4,16.0,3,35,44,130
1597,2024-03-07 13:00:00,22.3,15.0,3,36,42,140
1598,2024-03-07 14:00:00,18.7,8.0,3,36,39,145
1599,2024-03-07 15:00:00,22.1,8.0,2,35,42,142
1600,2024-03-07 16:00:00,19.2,10.0,2,34,44,139
1601,2024-03-07 17:00:00,18.0,14.0,1,32,54,142
1602,2024-03-07 18:00:00,15.8,24.0,1,30,60,140
1603,2024-03-07 19:00:00,16.4,11.0,1,30,64,109
1604,2024-03-07 20:00:00,23.3,7.0,1,30,67,106
1605,2024-03-07 21:00:00,20.2,1.0,1,29,69,104
1606,2024-03-07 22:00:00,29.2,2.0,1,29,74,95
1607,2024-03-07 23:00:00,21.9,0.0,1,28,74,100
1608,2024-03-08 00:00:00,25.3,5.0,1,28,77,91
1609,2024-03-08 01:00:00,44.5,3.0,1,27,79,94
1610,2024-03-08 02:00:00,29.9,11.03,1,27,81,98
1611,2024-03-08 03:00:00,26.4,3.0,0,27,80,104
1612,2024-03-08 04:00:00,28.1,1.0,1,26,82,97
1613,2024-03-08 05:00:00,21.6,3.0,1,26,85,94
1614,2024-03-08 06:00:00,24.7,3.0,1,26,86,92
1615,2024-03-08 07:00:00,34.8,0.0,0,26,80,100
1616,2024-03-08 08:00:00,38.0,2.0,1,29,68,106
1617,2024-03-08 09:00:00,33.4,1.0,1,31,52,110
1618,2024-03-08 10:00:00,17.1,0.0,1,32,50,111
1619,2024-03-08 11:00:00,20.1,1.0,2,33,49,126
1620,2024-03-08 12:00:00,19.5,8.0,1,33,49,134
1621,2024-03-08 13:00:00,13.9,9.0,1,33,49,140
1622,2024-03-08 14:00:00,15.4,7.0,2,32,51,145
1623,2024-03-08 15:00:00,11.5,3.0,1,32,52,140
1624,2024-03-08 16:00:00,11.8,23.0,2,31,60,131
1625,2024-03-08 17:00:00,11.1,22.0,1,30,66,123
1626,2024-03-08 18:00:00,13.5,19.0,1,29,69,119
1627,2024-03-08 19:00:00,18.1,6.0,1,29,69,112
1628,2024-03-08 20:00:00,20.3,2.0,1,29,69,114
1629,2024-03-08 21:00:00,23.6,8.0,1,29,69,130
1630,2024-03-08 22:00:00,22.0,1.0,1,29,72,131
1631,2024-03-08 23:00:00,20.0,0.0,1,28,73,104
1632,2024-03-09 00:00:00,23.1,2.0,1,28,73,101
1633,2024-03-09 01:00:00,24.2,18.0,1,27,75,105
1634,2024-03-09 02:00:00,22.7,10.0,1,27,76,106
1635,2024-03-09 03:00:00,20.8,11.03,1,27,78,107
1636,2024-03-09 04:00:00,18.1,16.0,1,26,82,107
1637,2024-03-09 05:00:00,21.4,13.0,0,26,85,104
1638,2024-03-09 06:00:00,27.2,10.0,1,26,85,106
1639,2024-03-09 07:00:00,32.0,3.0,1,26,85,107
1640,2024-03-09 08:00:00,40.0,0.0,1,29,74,108
1641,2024-03-09 09:00:00,27.6,6.0,1,30,69,121
1642,2024-03-09 10:00:00,18.5,2.0,1,28,80,193
1643,2024-03-09 11:00:00,14.5,0.0,1,27,78,149
1644,2024-03-09 12:00:00,11.2,2.0,1,29,72,106
1645,2024-03-09 13:00:00,9.8,2.0,1,31,63,82
1646,2024-03-09 14:00:00,8.4,1.0,1,30,65,118
1647,2024-03-09 15:00:00,8.9,4.0,1,30,65,136
1648,2024-03-09 16:00:00,7.3,18.0,1,30,65,139
1649,2024-03-09 17:00:00,6.1,18.0,1,30,68,123
1650,2024-03-09 18:00:00,7.6,14.0,1,29,74,130
1651,2024-03-09 19:00:00,10.5,2.0,1,28,76,130
1652,2024-03-09 20:00:00,16.3,3.0,1,28,77,130
1653,2024-03-09 21:00:00,15.1,11.0,1,28,78,111
1654,2024-03-09 22:00:00,14.9,0.0,1,28,77,118
1655,2024-03-09 23:00:00,12.7,0.0,1,28,76,105
1656,2024-03-10 00:00:00,11.8,0.0,1,28,78,108
1657,2024-03-10 01:00:00,11.5,5.0,1,27,84,107
1658,2024-03-10 02:00:00,16.2,1.0,1,27,82,105
1659,2024-03-10 03:00:00,10.2,0.0,1,27,79,107
1660,2024-03-10 04:00:00,9.9,11.03,1,27,78,106
1661,2024-03-10 05:00:00,11.8,17.0,1,27,78,105
1662,2024-03-10 06:00:00,17.7,15.0,1,27,79,105
1663,2024-03-10 07:00:00,24.3,0.0,1,28,77,109
1664,2024-03-10 08:00:00,27.1,4.0,1,29,72,120
1665,2024-03-10 09:00:00,31.3,14.0,1,30,65,117
1666,2024-03-10 10:00:00,29.0,3.0,1,32,57,128
1667,2024-03-10 11:00:00,28.2,1.0,1,32,51,143
1668,2024-03-10 12:00:00,28.4,1.0,1,33,45,152
1669,2024-03-10 13:00:00,27.2,14.0,1,33,44,176
1670,2024-03-10 14:00:00,28.7,9.0,1,33,46,171
1671,2024-03-10 15:00:00,25.9,17.0,1,32,47,214
1672,2024-03-10 16:00:00,25.3,30.0,1,31,53,194
1673,2024-03-10 17:00:00,23.9,28.0,1,30,57,214
1674,2024-03-10 18:00:00,24.1,27.0,1,29,63,202
1675,2024-03-10 19:00:00,28.6,4.0,1,29,64,138
1676,2024-03-10 20:00:00,29.8,10.0,1,29,67,122
1677,2024-03-10 21:00:00,26.4,3.0,1,28,67,111
1678,2024-03-10 22:00:00,26.0,2.0,1,28,67,103
1679,2024-03-10 23:00:00,27.8,0.0,1,28,71,100
